,field_ID,date,NDVI,WDRVI,GRVI,GNVDI
2,1,2017-01-11,0.22,-0.618,0.282,-0.564
3,1,2017-02-10,0.262,-0.591,0.244,-0.608
4,1,2017-02-20,0.214,-0.618,0.276,-0.573
7,1,2017-04-01,0.064,-0.708,0.326,-0.513
8,1,2017-04-11,0.08900000000000001,-0.695,0.331,-0.505
10,1,2017-05-11,0.14,-0.6659999999999999,0.33299999999999996,-0.506
13,1,2017-06-20,0.162,-0.654,0.359,-0.479
15,1,2017-07-20,0.13,-0.672,0.358,-0.478
16,1,2017-07-30,0.1,-0.688,0.431,-0.40299999999999997
17,1,2017-08-09,0.10800000000000001,-0.685,0.395,-0.436
18,1,2017-08-19,0.079,-0.7,0.42200000000000004,-0.409
19,1,2017-09-08,0.015,-0.732,0.467,-0.365
22,1,2017-10-08,-0.092,-0.778,0.5670000000000001,-0.28
23,1,2017-10-28,-0.049,-0.76,0.489,-0.344
24,1,2017-11-07,-0.004,-0.741,0.423,-0.406
26,1,2017-11-27,0.11900000000000001,-0.68,0.38299999999999995,-0.45
27,1,2017-12-07,0.2,-0.632,0.276,-0.568
28,1,2017-12-17,0.22699999999999998,-0.615,0.374,-0.46
29,1,2017-12-27,0.258,-0.594,0.365,-0.46799999999999997
30,1,2018-01-06,0.25,-0.6,0.249,-0.601
35,1,2018-04-26,0.26,-0.593,0.282,-0.56
38,1,2018-06-05,0.20600000000000002,-0.629,0.325,-0.51
39,1,2018-06-15,0.204,-0.63,0.35200000000000004,-0.48
41,1,2018-07-05,0.196,-0.635,0.38,-0.45299999999999996
42,1,2018-07-15,0.165,-0.654,0.35600000000000004,-0.47600000000000003
44,1,2018-08-04,0.122,-0.677,0.402,-0.428
45,1,2018-08-14,0.09300000000000001,-0.693,0.414,-0.415
46,1,2018-08-24,0.051,-0.7140000000000001,0.435,-0.395
47,1,2018-09-03,0.057999999999999996,-0.711,0.426,-0.40299999999999997
49,1,2018-10-03,-0.146,-0.799,0.514,-0.321
51,1,2018-11-02,-0.077,-0.772,0.486,-0.34700000000000003
52,1,2018-11-12,-0.031,-0.753,0.45299999999999996,-0.377
53,1,2018-11-22,0.002,-0.738,0.41700000000000004,-0.41200000000000003
54,1,2018-12-02,0.068,-0.7070000000000001,0.387,-0.442
56,1,2019-01-21,0.244,-0.604,0.266,-0.58
57,1,2019-02-20,0.23399999999999999,-0.611,0.317,-0.519
58,1,2019-03-02,0.24100000000000002,-0.606,0.298,-0.541
59,1,2019-03-12,0.252,-0.598,0.306,-0.532
63,1,2019-05-11,0.244,-0.603,0.317,-0.519
66,1,2019-06-20,0.213,-0.624,0.327,-0.508
67,1,2019-06-30,0.19699999999999998,-0.634,0.348,-0.484
68,1,2019-07-20,0.14800000000000002,-0.6629999999999999,0.366,-0.465
69,1,2019-07-30,0.142,-0.667,0.397,-0.43200000000000005
70,1,2019-08-09,0.156,-0.659,0.385,-0.444
74,2,2017-02-10,0.265,-0.589,0.29,-0.5529999999999999
75,2,2017-02-20,0.26,-0.5920000000000001,0.28,-0.564
77,2,2017-03-12,0.253,-0.597,0.27699999999999997,-0.568
78,2,2017-04-01,0.059000000000000004,-0.711,0.37,-0.461
79,2,2017-04-11,0.059000000000000004,-0.711,0.38299999999999995,-0.447
81,2,2017-05-11,0.151,-0.662,0.345,-0.488
84,2,2017-06-20,0.17800000000000002,-0.645,0.363,-0.469
86,2,2017-07-20,0.159,-0.6559999999999999,0.36200000000000004,-0.47100000000000003
87,2,2017-07-30,0.11599999999999999,-0.6809999999999999,0.387,-0.444
88,2,2017-08-09,-0.135,-0.795,0.542,-0.297
89,2,2017-08-19,-0.124,-0.7909999999999999,0.562,-0.28
90,2,2017-09-08,-0.11900000000000001,-0.789,0.555,-0.287
93,2,2017-10-08,-0.068,-0.768,0.601,-0.255
94,2,2017-10-28,-0.03,-0.752,0.48,-0.353
95,2,2017-11-07,0.033,-0.723,0.395,-0.434
97,2,2017-11-27,0.07400000000000001,-0.703,0.361,-0.47
98,2,2017-12-07,0.12,-0.679,0.348,-0.485
99,2,2017-12-17,0.16399999999999998,-0.654,0.317,-0.519
102,2,2018-01-26,0.21,-0.626,0.303,-0.535
104,2,2018-03-17,0.22399999999999998,-0.616,0.33299999999999996,-0.503
105,2,2018-04-16,0.23,-0.613,0.34700000000000003,-0.485
106,2,2018-04-26,0.243,-0.604,0.305,-0.5329999999999999
109,2,2018-06-05,0.16899999999999998,-0.65,0.35700000000000004,-0.475
110,2,2018-06-15,0.183,-0.6409999999999999,0.379,-0.452
112,2,2018-07-05,0.18100000000000002,-0.642,0.40399999999999997,-0.43
113,2,2018-07-15,0.149,-0.66,0.368,-0.46399999999999997
115,2,2018-08-04,0.07400000000000001,-0.701,0.46799999999999997,-0.36700000000000005
117,2,2018-08-24,-0.155,-0.802,0.513,-0.322
118,2,2018-09-03,-0.152,-0.8009999999999999,0.501,-0.33299999999999996
119,2,2018-09-13,-0.11,-0.785,0.5589999999999999,-0.28300000000000003
120,2,2018-10-03,-0.071,-0.77,0.534,-0.304
121,2,2018-10-23,-0.009000000000000001,-0.743,0.499,-0.336
123,2,2018-11-12,0.043,-0.7190000000000001,0.402,-0.42700000000000005
124,2,2018-11-22,0.08199999999999999,-0.6990000000000001,0.41100000000000003,-0.418
128,2,2019-02-20,0.20600000000000002,-0.628,0.34,-0.493
129,2,2019-03-02,0.214,-0.624,0.377,-0.455
130,2,2019-03-12,0.225,-0.616,0.325,-0.51
134,2,2019-05-11,0.256,-0.595,0.321,-0.515
135,2,2019-05-21,0.25,-0.6,0.37799999999999995,-0.45299999999999996
137,2,2019-06-20,0.23800000000000002,-0.608,0.324,-0.511
138,2,2019-06-30,0.23,-0.613,0.344,-0.488
139,2,2019-07-20,0.175,-0.648,0.358,-0.473
140,2,2019-07-30,-0.109,-0.785,0.523,-0.314
141,2,2019-08-09,-0.122,-0.79,0.5429999999999999,-0.29600000000000004
144,3,2017-01-11,0.262,-0.591,0.27,-0.575
145,3,2017-02-10,0.304,-0.561,0.231,-0.625
146,3,2017-02-20,0.31,-0.556,0.237,-0.618
148,3,2017-03-12,0.308,-0.5579999999999999,0.222,-0.637
149,3,2017-04-01,0.086,-0.6970000000000001,0.332,-0.502
150,3,2017-04-11,0.12300000000000001,-0.6779999999999999,0.33799999999999997,-0.495
152,3,2017-05-11,0.22399999999999998,-0.617,0.294,-0.545
153,3,2017-05-21,0.217,-0.622,0.289,-0.552
155,3,2017-06-20,0.251,-0.599,0.303,-0.535
157,3,2017-07-20,0.22899999999999998,-0.614,0.298,-0.54
159,3,2017-08-09,0.175,-0.647,0.35700000000000004,-0.474
160,3,2017-08-19,0.132,-0.672,0.395,-0.434
161,3,2017-09-08,0.042,-0.7190000000000001,0.457,-0.373
162,3,2017-09-18,0.002,-0.738,0.493,-0.34
165,3,2017-10-28,-0.129,-0.792,0.562,-0.28
166,3,2017-11-07,-0.099,-0.7809999999999999,0.521,-0.315
167,3,2017-11-17,-0.05,-0.7609999999999999,0.449,-0.381
168,3,2017-11-27,0.044000000000000004,-0.718,0.465,-0.371
169,3,2017-12-07,0.09699999999999999,-0.6920000000000001,0.326,-0.509
171,3,2017-12-27,0.203,-0.63,0.276,-0.568
172,3,2018-01-06,0.244,-0.604,0.263,-0.584
173,3,2018-01-26,0.273,-0.584,0.244,-0.608
177,3,2018-04-26,0.28300000000000003,-0.5760000000000001,0.267,-0.579
180,3,2018-06-05,0.192,-0.638,0.313,-0.524
181,3,2018-06-15,0.172,-0.65,0.342,-0.491
183,3,2018-07-05,0.138,-0.669,0.37,-0.46
184,3,2018-07-15,0.129,-0.674,0.37,-0.46
185,3,2018-07-25,0.109,-0.685,0.515,-0.32
186,3,2018-08-04,0.073,-0.7040000000000001,0.447,-0.385
187,3,2018-08-14,0.049,-0.716,0.45799999999999996,-0.373
188,3,2018-08-24,0.011000000000000001,-0.7340000000000001,0.467,-0.363
189,3,2018-09-03,0.006,-0.736,0.46799999999999997,-0.363
190,3,2018-09-13,0.031,-0.7240000000000001,0.5870000000000001,-0.264
191,3,2018-10-03,-0.14300000000000002,-0.7979999999999999,0.528,-0.309
192,3,2018-10-23,-0.126,-0.792,0.5479999999999999,-0.292
193,3,2018-11-02,-0.095,-0.779,0.5379999999999999,-0.302
194,3,2018-11-12,-0.07,-0.769,0.49700000000000005,-0.336
195,3,2018-11-22,-0.034,-0.754,0.462,-0.369
196,3,2018-12-02,0.023,-0.7290000000000001,0.42,-0.409
199,3,2019-02-20,0.255,-0.596,0.303,-0.535
200,3,2019-03-02,0.259,-0.593,0.319,-0.517
201,3,2019-03-12,0.28800000000000003,-0.573,0.28300000000000003,-0.56
205,3,2019-05-11,0.289,-0.5720000000000001,0.26899999999999996,-0.5760000000000001
206,3,2019-05-21,0.251,-0.599,0.28800000000000003,-0.5529999999999999
208,3,2019-06-20,0.237,-0.609,0.275,-0.569
209,3,2019-06-30,0.222,-0.619,0.297,-0.542
210,3,2019-07-20,0.203,-0.631,0.317,-0.519
211,3,2019-07-30,0.193,-0.637,0.34700000000000003,-0.486
212,3,2019-08-09,0.21100000000000002,-0.625,0.331,-0.503
213,4,2016-12-22,0.061,-0.7090000000000001,0.354,-0.478
216,4,2017-02-10,0.262,-0.5920000000000001,0.243,-0.609
217,4,2017-02-20,0.226,-0.616,0.275,-0.569
219,4,2017-03-12,0.275,-0.583,0.262,-0.589
220,4,2017-04-01,0.10400000000000001,-0.687,0.31,-0.526
221,4,2017-04-11,0.11800000000000001,-0.68,0.33299999999999996,-0.5
223,4,2017-05-11,0.19,-0.638,0.307,-0.531
224,4,2017-05-21,0.201,-0.632,0.366,-0.465
226,4,2017-06-20,0.213,-0.624,0.316,-0.52
228,4,2017-07-20,0.19699999999999998,-0.634,0.308,-0.53
230,4,2017-08-09,-0.043,-0.754,0.474,-0.359
231,4,2017-08-19,-0.042,-0.755,0.501,-0.335
232,4,2017-09-08,-0.095,-0.779,0.5820000000000001,-0.265
233,4,2017-09-18,-0.08199999999999999,-0.774,0.596,-0.253
234,4,2017-09-28,-0.036000000000000004,-0.755,0.6579999999999999,-0.209
236,4,2017-10-28,0.005,-0.737,0.461,-0.37
237,4,2017-11-07,0.048,-0.716,0.413,-0.41700000000000004
238,4,2017-11-17,0.08800000000000001,-0.696,0.379,-0.452
239,4,2017-11-27,0.10800000000000001,-0.685,0.34299999999999997,-0.491
240,4,2017-12-07,0.163,-0.654,0.344,-0.491
241,4,2017-12-17,0.172,-0.649,0.308,-0.531
242,4,2017-12-27,0.18600000000000003,-0.64,0.311,-0.527
248,4,2018-04-26,0.255,-0.596,0.27,-0.575
250,4,2018-05-26,0.213,-0.624,0.297,-0.542
251,4,2018-06-05,0.22899999999999998,-0.614,0.297,-0.542
252,4,2018-06-15,0.226,-0.616,0.32,-0.515
254,4,2018-07-05,0.21100000000000002,-0.626,0.325,-0.511
255,4,2018-07-15,-0.091,-0.777,0.495,-0.33899999999999997
256,4,2018-07-25,-0.017,-0.746,0.644,-0.217
257,4,2018-08-04,-0.087,-0.7759999999999999,0.5589999999999999,-0.28300000000000003
258,4,2018-08-14,-0.076,-0.7709999999999999,0.5429999999999999,-0.297
259,4,2018-08-24,-0.10400000000000001,-0.7829999999999999,0.5579999999999999,-0.284
260,4,2018-09-03,-0.102,-0.782,0.539,-0.3
261,4,2018-09-13,-0.079,-0.773,0.584,-0.263
262,4,2018-10-03,-0.055,-0.763,0.54,-0.299
264,4,2018-11-02,-0.018000000000000002,-0.747,0.433,-0.396
265,4,2018-11-12,0.033,-0.723,0.41200000000000003,-0.41700000000000004
266,4,2018-11-22,0.027000000000000003,-0.727,0.44,-0.39
267,4,2018-12-02,0.065,-0.708,0.428,-0.401
270,4,2019-02-20,0.203,-0.63,0.314,-0.524
272,4,2019-03-12,0.22699999999999998,-0.615,0.3,-0.54
276,4,2019-05-11,0.253,-0.598,0.29100000000000004,-0.55
277,4,2019-05-21,0.213,-0.624,0.312,-0.525
279,4,2019-06-20,0.252,-0.599,0.282,-0.561
280,4,2019-06-30,0.245,-0.603,0.299,-0.54
281,4,2019-07-20,0.20199999999999999,-0.631,0.313,-0.524
282,4,2019-07-30,0.147,-0.664,0.366,-0.465
283,4,2019-08-09,0.121,-0.6729999999999999,0.36200000000000004,-0.47200000000000003
284,5,2016-12-22,0.21100000000000002,-0.626,0.264,-0.583
287,5,2017-02-10,0.276,-0.5820000000000001,0.23800000000000002,-0.616
288,5,2017-02-20,0.243,-0.604,0.262,-0.585
290,5,2017-03-12,0.278,-0.58,0.23399999999999999,-0.623
291,5,2017-04-01,0.055999999999999994,-0.7120000000000001,0.304,-0.534
292,5,2017-04-11,0.062,-0.7090000000000001,0.335,-0.499
294,5,2017-05-11,0.15,-0.662,0.304,-0.534
295,5,2017-05-21,0.19,-0.639,0.358,-0.474
297,5,2017-06-20,0.20199999999999999,-0.631,0.3,-0.539
299,5,2017-07-20,0.19399999999999998,-0.636,0.29100000000000004,-0.5489999999999999
301,5,2017-08-09,-0.129,-0.792,0.514,-0.321
302,5,2017-08-19,-0.111,-0.785,0.535,-0.303
303,5,2017-09-08,-0.10099999999999999,-0.782,0.5329999999999999,-0.305
304,5,2017-09-18,-0.08800000000000001,-0.7759999999999999,0.537,-0.301
305,5,2017-09-28,-0.06,-0.765,0.5920000000000001,-0.261
307,5,2017-10-28,0.023,-0.728,0.40399999999999997,-0.425
308,5,2017-11-07,0.076,-0.7020000000000001,0.358,-0.474
309,5,2017-11-17,0.131,-0.672,0.326,-0.51
310,5,2017-11-27,0.165,-0.653,0.295,-0.545
311,5,2017-12-07,0.21600000000000003,-0.622,0.284,-0.5579999999999999
312,5,2017-12-17,0.222,-0.618,0.271,-0.574
313,5,2017-12-27,0.23199999999999998,-0.611,0.26899999999999996,-0.5760000000000001
319,5,2018-04-26,0.248,-0.601,0.293,-0.5479999999999999
321,5,2018-05-26,0.21100000000000002,-0.625,0.316,-0.52
322,5,2018-06-05,0.215,-0.623,0.32,-0.515
323,5,2018-06-15,0.21100000000000002,-0.626,0.34600000000000003,-0.486
325,5,2018-07-05,-0.027000000000000003,-0.747,0.48700000000000004,-0.349
326,5,2018-07-15,-0.11800000000000001,-0.7879999999999999,0.519,-0.317
327,5,2018-07-25,-0.033,-0.753,0.628,-0.23
328,5,2018-08-04,-0.091,-0.778,0.5489999999999999,-0.29100000000000004
329,5,2018-08-14,-0.083,-0.774,0.525,-0.312
330,5,2018-08-24,-0.086,-0.7759999999999999,0.531,-0.307
331,5,2018-09-03,-0.076,-0.772,0.5,-0.33299999999999996
332,5,2018-09-13,-0.034,-0.754,0.511,-0.324
333,5,2018-10-03,-0.005,-0.741,0.457,-0.373
335,5,2018-11-02,0.045,-0.718,0.361,-0.47100000000000003
336,5,2018-11-12,0.109,-0.685,0.335,-0.499
337,5,2018-11-22,0.08,-0.7,0.37200000000000005,-0.45899999999999996
338,5,2018-12-02,0.127,-0.675,0.35700000000000004,-0.474
341,5,2019-02-20,0.231,-0.612,0.293,-0.547
343,5,2019-03-12,0.249,-0.601,0.289,-0.551
347,5,2019-05-11,0.25,-0.6,0.3,-0.5379999999999999
348,5,2019-05-21,0.21100000000000002,-0.625,0.324,-0.511
350,5,2019-06-20,0.22399999999999998,-0.617,0.302,-0.536
351,5,2019-06-30,0.212,-0.625,0.325,-0.509
352,5,2019-07-20,0.159,-0.657,0.341,-0.49200000000000005
353,5,2019-07-30,-0.040999999999999995,-0.755,0.473,-0.359
354,5,2019-08-09,-0.135,-0.794,0.505,-0.32899999999999996
357,6,2017-01-11,0.27699999999999997,-0.581,0.264,-0.583
358,6,2017-02-10,0.284,-0.5760000000000001,0.261,-0.5870000000000001
359,6,2017-02-20,0.25,-0.598,0.28300000000000003,-0.56
361,6,2017-03-12,0.264,-0.589,0.258,-0.59
362,6,2017-04-01,0.073,-0.7040000000000001,0.355,-0.47600000000000003
363,6,2017-04-11,0.071,-0.705,0.379,-0.451
365,6,2017-05-11,0.16399999999999998,-0.654,0.344,-0.488
368,6,2017-06-20,0.21100000000000002,-0.625,0.342,-0.491
370,6,2017-07-20,0.203,-0.63,0.32799999999999996,-0.506
371,6,2017-07-30,0.152,-0.6609999999999999,0.375,-0.456
372,6,2017-08-09,0.145,-0.665,0.389,-0.441
373,6,2017-08-19,0.077,-0.7,0.431,-0.39899999999999997
374,6,2017-09-08,-0.11599999999999999,-0.7859999999999999,0.498,-0.335
375,6,2017-09-18,-0.142,-0.797,0.529,-0.308
377,6,2017-10-08,-0.079,-0.773,0.603,-0.249
378,6,2017-10-28,-0.07200000000000001,-0.77,0.532,-0.306
379,6,2017-11-07,-0.033,-0.754,0.48700000000000004,-0.345
380,6,2017-11-17,0.016,-0.731,0.423,-0.406
381,6,2017-11-27,0.075,-0.7020000000000001,0.46299999999999997,-0.373
382,6,2017-12-07,0.134,-0.6709999999999999,0.353,-0.48
384,6,2017-12-27,0.17,-0.65,0.33299999999999996,-0.502
386,6,2018-01-26,0.254,-0.597,0.27699999999999997,-0.5670000000000001
388,6,2018-03-17,0.258,-0.594,0.41600000000000004,-0.419
389,6,2018-04-16,0.24100000000000002,-0.606,0.34600000000000003,-0.486
390,6,2018-04-26,0.251,-0.599,0.321,-0.514
393,6,2018-06-05,0.18899999999999997,-0.639,0.35700000000000004,-0.474
394,6,2018-06-15,0.184,-0.642,0.38,-0.449
396,6,2018-07-05,0.17800000000000002,-0.6459999999999999,0.38299999999999995,-0.446
397,6,2018-07-15,0.162,-0.655,0.377,-0.452
399,6,2018-08-04,0.107,-0.6859999999999999,0.429,-0.4
400,6,2018-08-14,0.068,-0.706,0.43700000000000006,-0.392
401,6,2018-08-24,0.016,-0.732,0.456,-0.374
402,6,2018-09-03,-0.001,-0.7390000000000001,0.455,-0.375
403,6,2018-09-13,0.021,-0.7290000000000001,0.568,-0.27899999999999997
404,6,2018-10-03,-0.061,-0.764,0.514,-0.321
405,6,2018-10-23,-0.147,-0.799,0.529,-0.309
406,6,2018-11-02,-0.126,-0.7909999999999999,0.537,-0.302
407,6,2018-11-12,-0.11199999999999999,-0.7859999999999999,0.514,-0.321
408,6,2018-11-22,-0.092,-0.778,0.511,-0.324
409,6,2018-12-02,-0.06,-0.764,0.494,-0.34
412,6,2019-02-20,0.037000000000000005,-0.7140000000000001,0.47700000000000004,-0.36200000000000004
413,6,2019-03-02,0.043,-0.7120000000000001,0.45899999999999996,-0.377
414,6,2019-03-12,0.08800000000000001,-0.6890000000000001,0.461,-0.377
418,6,2019-05-11,0.085,-0.69,0.466,-0.374
419,6,2019-05-21,0.159,-0.652,0.408,-0.428
421,6,2019-06-20,0.102,-0.684,0.42700000000000005,-0.408
422,6,2019-06-30,0.11199999999999999,-0.679,0.595,-0.276
423,6,2019-07-20,0.045,-0.713,0.545,-0.308
424,6,2019-07-30,0.027999999999999997,-0.722,0.586,-0.273
425,6,2019-08-09,0.046,-0.7120000000000001,0.5589999999999999,-0.297
427,7,2017-01-01,0.272,-0.585,0.271,-0.573
428,7,2017-01-11,0.24600000000000002,-0.603,0.327,-0.509
429,7,2017-02-10,0.27399999999999997,-0.583,0.29600000000000004,-0.546
430,7,2017-02-20,0.28300000000000003,-0.5770000000000001,0.217,-0.643
432,7,2017-03-12,0.256,-0.594,0.261,-0.589
433,7,2017-04-01,0.127,-0.675,0.257,-0.591
434,7,2017-04-11,0.147,-0.664,0.271,-0.574
436,7,2017-05-11,0.214,-0.624,0.25,-0.6
437,7,2017-05-21,0.20600000000000002,-0.628,0.264,-0.583
439,7,2017-06-20,0.235,-0.61,0.264,-0.583
441,7,2017-07-20,0.22899999999999998,-0.614,0.257,-0.5920000000000001
443,7,2017-08-09,0.17300000000000001,-0.648,0.307,-0.531
444,7,2017-08-19,-0.131,-0.7929999999999999,0.491,-0.341
445,7,2017-09-08,-0.156,-0.8029999999999999,0.505,-0.32899999999999996
447,7,2017-09-28,-0.115,-0.787,0.556,-0.285
448,7,2017-10-08,-0.095,-0.78,0.5529999999999999,-0.28800000000000003
449,7,2017-10-28,-0.040999999999999995,-0.757,0.49700000000000005,-0.336
450,7,2017-11-07,-0.002,-0.74,0.457,-0.373
453,7,2017-12-07,0.10300000000000001,-0.688,0.38799999999999996,-0.441
454,7,2017-12-17,0.128,-0.675,0.363,-0.46799999999999997
461,7,2018-04-26,0.22699999999999998,-0.615,0.32299999999999995,-0.512
464,7,2018-06-05,0.193,-0.637,0.34299999999999997,-0.49
465,7,2018-06-15,0.193,-0.637,0.364,-0.467
467,7,2018-07-05,0.175,-0.647,0.414,-0.41700000000000004
468,7,2018-07-15,0.16399999999999998,-0.655,0.369,-0.462
470,7,2018-08-04,-0.06,-0.763,0.499,-0.335
471,7,2018-08-14,-0.084,-0.773,0.485,-0.34700000000000003
472,7,2018-08-24,-0.1,-0.7809999999999999,0.598,-0.254
473,7,2018-09-03,-0.134,-0.794,0.507,-0.32799999999999996
477,7,2018-11-02,0.046,-0.7170000000000001,0.35100000000000003,-0.48100000000000004
478,7,2018-11-12,0.113,-0.682,0.41200000000000003,-0.42200000000000004
479,7,2018-11-22,0.073,-0.703,0.373,-0.45799999999999996
480,7,2018-12-02,0.11599999999999999,-0.682,0.349,-0.483
483,7,2019-02-20,0.21,-0.627,0.321,-0.514
484,7,2019-03-02,0.204,-0.629,0.34600000000000003,-0.488
485,7,2019-03-12,0.242,-0.606,0.31,-0.527
489,7,2019-05-11,0.263,-0.591,0.28600000000000003,-0.555
492,7,2019-06-20,0.24100000000000002,-0.605,0.281,-0.561
493,7,2019-06-30,0.242,-0.605,0.298,-0.541
494,7,2019-07-20,0.192,-0.638,0.314,-0.523
495,7,2019-07-30,0.171,-0.65,0.349,-0.483
496,7,2019-08-09,0.184,-0.642,0.331,-0.503
498,8,2017-01-01,0.122,-0.6779999999999999,0.33299999999999996,-0.501
499,8,2017-01-11,0.222,-0.617,0.28800000000000003,-0.5539999999999999
500,8,2017-02-10,0.249,-0.6,0.26,-0.588
501,8,2017-02-20,0.23399999999999999,-0.61,0.301,-0.5379999999999999
503,8,2017-03-12,0.215,-0.623,0.287,-0.555
504,8,2017-04-01,0.065,-0.708,0.37,-0.46
505,8,2017-04-11,0.057,-0.7120000000000001,0.40399999999999997,-0.425
507,8,2017-05-11,0.142,-0.667,0.359,-0.47200000000000003
508,8,2017-05-21,0.16899999999999998,-0.6509999999999999,0.43799999999999994,-0.392
510,8,2017-06-20,0.182,-0.643,0.34299999999999997,-0.49
512,8,2017-07-20,0.14,-0.6679999999999999,0.361,-0.47
514,8,2017-08-09,0.105,-0.687,0.409,-0.419
515,8,2017-08-19,-0.146,-0.799,0.494,-0.33899999999999997
516,8,2017-09-08,-0.13699999999999998,-0.795,0.518,-0.318
518,8,2017-09-28,-0.08900000000000001,-0.777,0.5539999999999999,-0.28800000000000003
519,8,2017-10-08,-0.065,-0.767,0.5329999999999999,-0.305
520,8,2017-10-28,-0.039,-0.7559999999999999,0.512,-0.32299999999999995
521,8,2017-11-07,-0.004,-0.741,0.46799999999999997,-0.363
523,8,2017-11-27,0.062,-0.7090000000000001,0.376,-0.45399999999999996
524,8,2017-12-07,0.11900000000000001,-0.68,0.349,-0.483
526,8,2017-12-27,0.141,-0.667,0.33399999999999996,-0.5
530,8,2018-03-17,0.23399999999999999,-0.611,0.299,-0.54
531,8,2018-04-16,0.222,-0.618,0.34700000000000003,-0.484
532,8,2018-04-26,0.22399999999999998,-0.616,0.308,-0.529
535,8,2018-06-05,0.17300000000000001,-0.649,0.35,-0.48100000000000004
536,8,2018-06-15,0.153,-0.6609999999999999,0.39399999999999996,-0.435
539,8,2018-07-15,0.065,-0.705,0.425,-0.405
541,8,2018-08-04,-0.133,-0.794,0.5429999999999999,-0.29600000000000004
542,8,2018-08-14,-0.13699999999999998,-0.795,0.518,-0.317
543,8,2018-08-24,-0.13699999999999998,-0.795,0.531,-0.306
544,8,2018-09-03,-0.126,-0.792,0.521,-0.315
549,8,2018-11-12,-0.062,-0.7659999999999999,0.5429999999999999,-0.297
550,8,2018-11-22,-0.043,-0.758,0.562,-0.281
551,8,2018-12-02,-0.03,-0.752,0.545,-0.295
553,8,2019-01-21,0.10300000000000001,-0.6859999999999999,0.596,-0.259
554,8,2019-02-20,-0.037000000000000005,-0.755,0.5589999999999999,-0.284
555,8,2019-03-02,-0.009000000000000001,-0.743,0.544,-0.297
556,8,2019-03-12,0.03,-0.7240000000000001,0.507,-0.32799999999999996
560,8,2019-05-11,-0.022000000000000002,-0.7490000000000001,0.562,-0.281
563,8,2019-06-20,0.11800000000000001,-0.675,0.424,-0.408
564,8,2019-06-30,-0.078,-0.772,0.584,-0.263
565,8,2019-07-20,-0.034,-0.754,0.59,-0.259
566,8,2019-07-30,-0.052000000000000005,-0.762,0.606,-0.24600000000000002
567,8,2019-08-09,-0.078,-0.772,0.621,-0.235
568,9,2016-12-22,0.177,-0.645,0.33399999999999996,-0.503
570,9,2017-01-11,0.20800000000000002,-0.627,0.29100000000000004,-0.551
571,9,2017-02-10,0.256,-0.595,0.24100000000000002,-0.612
572,9,2017-02-20,0.22399999999999998,-0.617,0.278,-0.5660000000000001
574,9,2017-03-12,0.257,-0.595,0.239,-0.615
575,9,2017-04-01,0.08199999999999999,-0.6990000000000001,0.319,-0.516
576,9,2017-04-11,0.078,-0.7020000000000001,0.34600000000000003,-0.486
578,9,2017-05-11,0.142,-0.667,0.319,-0.517
581,9,2017-06-20,0.188,-0.64,0.314,-0.523
583,9,2017-07-20,0.15,-0.6609999999999999,0.32,-0.516
585,9,2017-08-09,0.106,-0.6859999999999999,0.376,-0.45399999999999996
586,9,2017-08-19,-0.12,-0.789,0.508,-0.327
587,9,2017-09-08,-0.11599999999999999,-0.787,0.568,-0.276
588,9,2017-09-18,-0.094,-0.779,0.593,-0.256
589,9,2017-09-28,-0.08800000000000001,-0.777,0.5670000000000001,-0.27699999999999997
591,9,2017-10-28,-0.015,-0.746,0.466,-0.365
592,9,2017-11-07,0.022000000000000002,-0.7290000000000001,0.415,-0.414
594,9,2017-11-27,0.111,-0.684,0.32899999999999996,-0.506
595,9,2017-12-07,0.127,-0.675,0.331,-0.504
596,9,2017-12-17,0.171,-0.649,0.29600000000000004,-0.544
597,9,2017-12-27,0.16,-0.655,0.35100000000000003,-0.484
603,9,2018-04-26,0.243,-0.604,0.26899999999999996,-0.5770000000000001
606,9,2018-06-05,0.192,-0.635,0.311,-0.527
607,9,2018-06-15,0.172,-0.648,0.35100000000000003,-0.48200000000000004
609,9,2018-07-05,-0.10300000000000001,-0.782,0.5589999999999999,-0.28300000000000003
610,9,2018-07-15,-0.10099999999999999,-0.782,0.5660000000000001,-0.27699999999999997
611,9,2018-07-25,-0.076,-0.772,0.585,-0.262
612,9,2018-08-04,-0.08800000000000001,-0.777,0.581,-0.265
613,9,2018-08-14,-0.07400000000000001,-0.7709999999999999,0.5720000000000001,-0.273
614,9,2018-08-24,-0.092,-0.778,0.563,-0.28
615,9,2018-09-03,-0.086,-0.7759999999999999,0.532,-0.305
619,9,2018-11-02,0.049,-0.716,0.474,-0.36200000000000004
620,9,2018-11-12,0.059000000000000004,-0.711,0.379,-0.451
621,9,2018-11-22,0.073,-0.7040000000000001,0.40399999999999997,-0.42700000000000005
625,9,2019-02-20,0.19899999999999998,-0.633,0.311,-0.526
627,9,2019-03-12,0.222,-0.618,0.306,-0.532
631,9,2019-05-11,0.239,-0.607,0.3,-0.539
634,9,2019-06-20,0.251,-0.599,0.27899999999999997,-0.564
635,9,2019-06-30,0.247,-0.601,0.292,-0.5489999999999999
636,9,2019-07-20,0.21600000000000003,-0.622,0.303,-0.536
637,9,2019-07-30,0.205,-0.629,0.33399999999999996,-0.5
638,9,2019-08-09,-0.126,-0.7909999999999999,0.512,-0.32299999999999995
642,10,2017-02-10,0.21600000000000003,-0.621,0.38799999999999996,-0.447
643,10,2017-02-20,0.07400000000000001,-0.6990000000000001,0.45299999999999996,-0.386
645,10,2017-03-12,0.04,-0.715,0.5770000000000001,-0.27899999999999997
646,10,2017-04-01,0.037000000000000005,-0.722,0.62,-0.249
647,10,2017-04-11,-0.004,-0.74,0.5710000000000001,-0.281
649,10,2017-05-11,0.258,-0.59,0.275,-0.5710000000000001
652,10,2017-06-20,0.221,-0.618,0.31,-0.527
654,10,2017-07-20,0.042,-0.716,0.522,-0.32899999999999996
655,10,2017-07-30,-0.039,-0.7559999999999999,0.565,-0.28
656,10,2017-08-09,0.011000000000000001,-0.732,0.6559999999999999,-0.222
657,10,2017-08-19,-0.066,-0.767,0.7170000000000001,-0.17
658,10,2017-09-08,-0.061,-0.765,0.726,-0.163
662,10,2017-10-28,0.098,-0.688,0.467,-0.373
663,10,2017-11-07,0.19,-0.632,0.326,-0.513
664,10,2017-11-17,0.271,-0.583,0.28800000000000003,-0.556
665,10,2017-11-27,0.184,-0.6409999999999999,0.289,-0.5529999999999999
666,10,2017-12-07,0.29,-0.569,0.247,-0.604
667,10,2017-12-17,0.21600000000000003,-0.621,0.284,-0.5579999999999999
669,10,2018-01-06,-0.048,-0.76,0.589,-0.259
672,10,2018-03-17,0.226,-0.615,0.302,-0.537
673,10,2018-04-16,0.23800000000000002,-0.607,0.331,-0.503
674,10,2018-04-26,0.237,-0.608,0.292,-0.5489999999999999
677,10,2018-06-05,0.026000000000000002,-0.722,0.547,-0.304
678,10,2018-06-15,0.027999999999999997,-0.722,0.5870000000000001,-0.272
680,10,2018-07-05,0.031,-0.722,0.578,-0.27699999999999997
681,10,2018-07-15,0.025,-0.725,0.5489999999999999,-0.299
685,10,2018-08-24,-0.065,-0.7659999999999999,0.742,-0.162
686,10,2018-09-03,-0.075,-0.77,0.7070000000000001,-0.182
689,10,2018-10-23,-0.017,-0.746,0.544,-0.301
691,10,2018-11-12,0.076,-0.7020000000000001,0.45899999999999996,-0.374
692,10,2018-11-22,0.065,-0.7070000000000001,0.502,-0.337
696,10,2019-02-20,0.217,-0.621,0.317,-0.519
698,10,2019-03-12,0.243,-0.604,0.303,-0.537
702,10,2019-05-11,0.271,-0.585,0.28,-0.563
703,10,2019-05-21,0.265,-0.59,0.29600000000000004,-0.544
705,10,2019-06-20,0.271,-0.584,0.26899999999999996,-0.5770000000000001
706,10,2019-06-30,0.262,-0.59,0.29,-0.551
707,10,2019-07-20,0.235,-0.608,0.3,-0.539
709,10,2019-08-09,0.235,-0.608,0.316,-0.52
713,11,2017-02-10,0.1,-0.69,0.355,-0.47600000000000003
714,11,2017-02-20,0.081,-0.7,0.37200000000000005,-0.45799999999999996
716,11,2017-03-12,0.154,-0.66,0.324,-0.51
717,11,2017-04-01,0.10400000000000001,-0.688,0.363,-0.467
718,11,2017-04-11,0.075,-0.703,0.401,-0.428
720,11,2017-05-11,0.153,-0.6609999999999999,0.37799999999999995,-0.452
723,11,2017-06-20,0.187,-0.6409999999999999,0.379,-0.451
725,11,2017-07-20,0.183,-0.643,0.361,-0.47
727,11,2017-08-09,0.113,-0.6829999999999999,0.428,-0.401
728,11,2017-08-19,-0.139,-0.7959999999999999,0.499,-0.33399999999999996
729,11,2017-09-08,-0.111,-0.785,0.5379999999999999,-0.301
731,11,2017-09-28,-0.075,-0.7709999999999999,0.525,-0.312
733,11,2017-10-28,0.006999999999999999,-0.736,0.41700000000000004,-0.41200000000000003
734,11,2017-11-07,0.055999999999999994,-0.7120000000000001,0.373,-0.457
735,11,2017-11-17,0.092,-0.6940000000000001,0.34600000000000003,-0.488
736,11,2017-11-27,0.125,-0.6759999999999999,0.341,-0.493
737,11,2017-12-07,0.146,-0.665,0.337,-0.49700000000000005
738,11,2017-12-17,0.179,-0.645,0.369,-0.465
743,11,2018-03-17,0.214,-0.622,0.298,-0.5429999999999999
745,11,2018-04-26,0.218,-0.621,0.302,-0.537
747,11,2018-05-26,0.146,-0.665,0.371,-0.45899999999999996
748,11,2018-06-05,0.165,-0.654,0.337,-0.496
749,11,2018-06-15,0.162,-0.655,0.371,-0.45899999999999996
751,11,2018-07-05,0.154,-0.66,0.38299999999999995,-0.449
752,11,2018-07-15,0.136,-0.67,0.376,-0.45399999999999996
753,11,2018-07-25,0.075,-0.703,0.433,-0.396
754,11,2018-08-04,0.07,-0.705,0.457,-0.374
755,11,2018-08-14,0.031,-0.7240000000000001,0.456,-0.374
756,11,2018-08-24,0.017,-0.731,0.478,-0.355
757,11,2018-09-03,0.016,-0.732,0.467,-0.363
758,11,2018-09-13,0.036000000000000004,-0.722,0.493,-0.34
759,11,2018-10-03,-0.151,-0.8009999999999999,0.507,-0.327
762,11,2018-11-12,-0.034,-0.754,0.44299999999999995,-0.386
763,11,2018-11-22,0.002,-0.738,0.452,-0.37799999999999995
764,11,2018-12-02,0.037000000000000005,-0.722,0.424,-0.405
767,11,2019-02-20,0.2,-0.633,0.358,-0.473
769,11,2019-03-12,0.221,-0.619,0.335,-0.498
773,11,2019-05-11,0.23,-0.613,0.32899999999999996,-0.505
774,11,2019-05-21,0.20800000000000002,-0.627,0.341,-0.491
776,11,2019-06-20,0.218,-0.621,0.322,-0.513
777,11,2019-06-30,0.201,-0.632,0.34600000000000003,-0.486
778,11,2019-07-20,0.142,-0.667,0.373,-0.457
779,11,2019-07-30,0.128,-0.675,0.42200000000000004,-0.40700000000000003
780,11,2019-08-09,0.134,-0.672,0.402,-0.426
783,12,2017-01-11,0.253,-0.598,0.271,-0.574
784,12,2017-02-10,0.281,-0.578,0.23600000000000002,-0.618
788,12,2017-04-01,0.061,-0.71,0.327,-0.507
789,12,2017-04-11,0.076,-0.7020000000000001,0.353,-0.479
791,12,2017-05-11,0.17800000000000002,-0.6459999999999999,0.313,-0.524
794,12,2017-06-20,0.21600000000000003,-0.623,0.305,-0.5329999999999999
796,12,2017-07-20,0.204,-0.63,0.29100000000000004,-0.55
798,12,2017-08-09,-0.14300000000000002,-0.7979999999999999,0.53,-0.307
799,12,2017-08-19,-0.136,-0.795,0.535,-0.303
800,12,2017-09-08,-0.11699999999999999,-0.7879999999999999,0.532,-0.306
804,12,2017-10-28,0.086,-0.6970000000000001,0.332,-0.502
805,12,2017-11-07,0.134,-0.6709999999999999,0.29600000000000004,-0.544
806,12,2017-11-17,0.184,-0.642,0.264,-0.5820000000000001
807,12,2017-11-27,0.19699999999999998,-0.634,0.263,-0.583
808,12,2017-12-07,0.24,-0.606,0.24600000000000002,-0.605
810,12,2017-12-27,0.135,-0.67,0.324,-0.512
814,12,2018-03-17,0.259,-0.594,0.258,-0.59
816,12,2018-04-26,0.256,-0.596,0.27699999999999997,-0.5660000000000001
818,12,2018-05-26,0.217,-0.622,0.321,-0.514
819,12,2018-06-05,0.215,-0.623,0.305,-0.5329999999999999
820,12,2018-06-15,0.196,-0.635,0.336,-0.49700000000000005
822,12,2018-07-05,0.154,-0.66,0.359,-0.47200000000000003
823,12,2018-07-15,-0.10300000000000001,-0.782,0.46799999999999997,-0.36200000000000004
824,12,2018-07-25,-0.11900000000000001,-0.789,0.521,-0.315
825,12,2018-08-04,-0.14,-0.797,0.534,-0.304
826,12,2018-08-14,-0.131,-0.7929999999999999,0.509,-0.325
827,12,2018-08-24,-0.135,-0.795,0.526,-0.31
828,12,2018-09-03,-0.122,-0.79,0.504,-0.33
829,12,2018-09-13,-0.065,-0.767,0.5660000000000001,-0.27899999999999997
830,12,2018-10-03,-0.037000000000000005,-0.755,0.473,-0.358
833,12,2018-11-12,0.106,-0.687,0.335,-0.5
834,12,2018-11-22,0.10800000000000001,-0.6859999999999999,0.335,-0.499
835,12,2018-12-02,0.131,-0.6729999999999999,0.33799999999999997,-0.49700000000000005
838,12,2019-02-20,0.214,-0.623,0.313,-0.525
839,12,2019-03-02,0.20800000000000002,-0.627,0.305,-0.5329999999999999
840,12,2019-03-12,0.233,-0.611,0.307,-0.53
844,12,2019-05-11,0.248,-0.601,0.302,-0.537
845,12,2019-05-21,0.237,-0.609,0.33,-0.504
847,12,2019-06-20,0.23399999999999999,-0.611,0.29600000000000004,-0.544
848,12,2019-06-30,0.21899999999999997,-0.62,0.319,-0.517
849,12,2019-07-20,0.17800000000000002,-0.6459999999999999,0.332,-0.502
850,12,2019-07-30,0.168,-0.652,0.36,-0.47200000000000003
851,12,2019-08-09,0.174,-0.648,0.35200000000000004,-0.48100000000000004
855,13,2017-02-10,0.298,-0.565,0.23800000000000002,-0.616
856,13,2017-02-20,0.292,-0.569,0.294,-0.55
858,13,2017-03-12,0.218,-0.62,0.27399999999999997,-0.5720000000000001
859,13,2017-04-01,0.085,-0.698,0.335,-0.499
860,13,2017-04-11,0.11800000000000001,-0.68,0.344,-0.489
862,13,2017-05-11,0.223,-0.618,0.294,-0.546
865,13,2017-06-20,0.256,-0.595,0.295,-0.545
867,13,2017-07-20,0.221,-0.619,0.295,-0.545
869,13,2017-08-09,-0.139,-0.7959999999999999,0.53,-0.307
870,13,2017-08-19,-0.139,-0.7959999999999999,0.535,-0.303
871,13,2017-09-08,-0.132,-0.794,0.5329999999999999,-0.305
872,13,2017-09-18,-0.11800000000000001,-0.7879999999999999,0.541,-0.299
875,13,2017-10-28,0.036000000000000004,-0.722,0.385,-0.445
876,13,2017-11-07,0.094,-0.693,0.335,-0.499
877,13,2017-11-17,0.15,-0.662,0.292,-0.5479999999999999
878,13,2017-11-27,0.175,-0.648,0.29100000000000004,-0.5489999999999999
879,13,2017-12-07,0.233,-0.611,0.265,-0.581
881,13,2017-12-27,0.171,-0.649,0.324,-0.513
885,13,2018-03-17,0.281,-0.578,0.262,-0.585
887,13,2018-04-26,0.252,-0.598,0.301,-0.5379999999999999
889,13,2018-05-26,0.207,-0.628,0.33899999999999997,-0.493
890,13,2018-06-05,0.192,-0.638,0.33,-0.504
891,13,2018-06-15,0.17800000000000002,-0.6459999999999999,0.36200000000000004,-0.469
893,13,2018-07-05,0.15,-0.662,0.387,-0.44299999999999995
894,13,2018-07-15,0.13699999999999998,-0.67,0.387,-0.442
895,13,2018-07-25,0.062,-0.7090000000000001,0.455,-0.375
896,13,2018-08-04,0.065,-0.708,0.473,-0.359
897,13,2018-08-14,0.008,-0.735,0.485,-0.34700000000000003
898,13,2018-08-24,0.01,-0.735,0.507,-0.32799999999999996
899,13,2018-09-03,0.021,-0.7290000000000001,0.48100000000000004,-0.35100000000000003
900,13,2018-09-13,0.040999999999999995,-0.72,0.505,-0.32899999999999996
904,13,2018-11-12,-0.054000000000000006,-0.763,0.698,-0.179
909,13,2019-02-20,-0.025,-0.75,0.613,-0.242
910,13,2019-03-02,0.057,-0.7120000000000001,0.47700000000000004,-0.355
911,13,2019-03-12,0.223,-0.617,0.36700000000000005,-0.46399999999999997
915,13,2019-05-11,0.044000000000000004,-0.718,0.5589999999999999,-0.284
918,13,2019-06-20,-0.004,-0.741,0.596,-0.254
919,13,2019-06-30,0.035,-0.722,0.642,-0.22
920,13,2019-07-20,-0.006,-0.741,0.636,-0.223
921,13,2019-07-30,-0.016,-0.746,0.6709999999999999,-0.19699999999999998
922,13,2019-08-09,-0.027000000000000003,-0.7509999999999999,0.6629999999999999,-0.204
925,14,2017-01-11,0.185,-0.6409999999999999,0.397,-0.435
927,14,2017-02-20,0.231,-0.612,0.321,-0.514
929,14,2017-03-12,0.22699999999999998,-0.615,0.307,-0.531
930,14,2017-04-01,0.057999999999999996,-0.7120000000000001,0.402,-0.42700000000000005
931,14,2017-04-11,0.05,-0.716,0.424,-0.40399999999999997
933,14,2017-05-11,0.151,-0.662,0.36,-0.47100000000000003
936,14,2017-06-20,0.205,-0.629,0.34700000000000003,-0.485
938,14,2017-07-20,0.2,-0.632,0.335,-0.499
940,14,2017-08-09,0.158,-0.6579999999999999,0.384,-0.445
941,14,2017-08-19,0.132,-0.6729999999999999,0.41100000000000003,-0.418
942,14,2017-09-08,-0.146,-0.799,0.511,-0.32299999999999995
943,14,2017-09-18,-0.138,-0.7959999999999999,0.547,-0.293
944,14,2017-09-28,-0.114,-0.787,0.581,-0.266
946,14,2017-10-28,-0.087,-0.7759999999999999,0.583,-0.264
947,14,2017-11-07,-0.067,-0.768,0.557,-0.285
949,14,2017-11-27,0.004,-0.737,0.46399999999999997,-0.36700000000000005
950,14,2017-12-07,0.036000000000000004,-0.721,0.43700000000000006,-0.395
952,14,2017-12-27,0.111,-0.6829999999999999,0.528,-0.312
956,14,2018-03-17,0.271,-0.585,0.39399999999999996,-0.43799999999999994
957,14,2018-04-16,0.24,-0.607,0.33,-0.504
958,14,2018-04-26,0.252,-0.598,0.302,-0.536
961,14,2018-06-05,0.21100000000000002,-0.625,0.337,-0.496
962,14,2018-06-15,0.192,-0.638,0.377,-0.45299999999999996
964,14,2018-07-05,0.182,-0.643,0.386,-0.444
965,14,2018-07-15,0.159,-0.657,0.38299999999999995,-0.446
967,14,2018-08-04,-0.132,-0.794,0.552,-0.28800000000000003
968,14,2018-08-14,-0.133,-0.794,0.528,-0.309
969,14,2018-08-24,-0.11199999999999999,-0.7859999999999999,0.601,-0.253
970,14,2018-09-03,-0.131,-0.7929999999999999,0.531,-0.306
971,14,2018-09-13,-0.086,-0.775,0.65,-0.215
973,14,2018-10-23,-0.077,-0.772,0.6509999999999999,-0.212
974,14,2018-11-02,-0.086,-0.7759999999999999,0.628,-0.22899999999999998
975,14,2018-11-12,-0.085,-0.775,0.625,-0.231
976,14,2018-11-22,-0.079,-0.773,0.6579999999999999,-0.20600000000000002
980,14,2019-02-20,-0.036000000000000004,-0.755,0.491,-0.342
982,14,2019-03-12,-0.005,-0.741,0.509,-0.326
986,14,2019-05-11,0.01,-0.735,0.569,-0.275
989,14,2019-06-20,0.055999999999999994,-0.7120000000000001,0.509,-0.326
990,14,2019-06-30,0.009000000000000001,-0.735,0.62,-0.235
991,14,2019-07-20,-0.021,-0.748,0.622,-0.233
992,14,2019-07-30,-0.022000000000000002,-0.7490000000000001,0.659,-0.20600000000000002
993,14,2019-08-09,-0.028999999999999998,-0.752,0.644,-0.217
994,15,2016-12-22,0.21,-0.626,0.259,-0.589
996,15,2017-01-11,0.24100000000000002,-0.605,0.28600000000000003,-0.556
997,15,2017-02-10,0.292,-0.57,0.24,-0.613
1000,15,2017-03-12,0.253,-0.597,0.259,-0.589
1001,15,2017-04-01,0.071,-0.705,0.32799999999999996,-0.506
1002,15,2017-04-11,0.071,-0.705,0.354,-0.47700000000000004
1004,15,2017-05-11,0.166,-0.653,0.32,-0.515
1005,15,2017-05-21,0.165,-0.653,0.355,-0.478
1007,15,2017-06-20,0.23199999999999998,-0.612,0.312,-0.525
1009,15,2017-07-20,0.221,-0.619,0.302,-0.537
1011,15,2017-08-09,-0.14400000000000002,-0.7979999999999999,0.526,-0.311
1012,15,2017-08-19,-0.14,-0.797,0.534,-0.304
1013,15,2017-09-08,-0.131,-0.7929999999999999,0.528,-0.309
1017,15,2017-10-28,0.054000000000000006,-0.713,0.376,-0.45399999999999996
1018,15,2017-11-07,0.114,-0.682,0.33,-0.504
1019,15,2017-11-17,0.16699999999999998,-0.652,0.294,-0.546
1020,15,2017-11-27,0.18600000000000003,-0.6409999999999999,0.299,-0.54
1021,15,2017-12-07,0.242,-0.605,0.267,-0.579
1023,15,2017-12-27,0.245,-0.602,0.266,-0.581
1027,15,2018-03-17,0.254,-0.596,0.3,-0.54
1029,15,2018-04-26,0.251,-0.599,0.312,-0.524
1031,15,2018-05-26,0.209,-0.627,0.359,-0.47200000000000003
1032,15,2018-06-05,0.203,-0.631,0.33899999999999997,-0.493
1033,15,2018-06-15,0.191,-0.638,0.373,-0.457
1034,15,2018-06-25,-0.091,-0.778,0.579,-0.267
1035,15,2018-07-05,-0.11,-0.785,0.578,-0.268
1036,15,2018-07-15,-0.12,-0.789,0.557,-0.285
1037,15,2018-07-25,-0.077,-0.772,0.5660000000000001,-0.27699999999999997
1038,15,2018-08-04,-0.121,-0.789,0.561,-0.281
1039,15,2018-08-14,-0.11800000000000001,-0.7879999999999999,0.528,-0.309
1040,15,2018-08-24,-0.131,-0.7929999999999999,0.542,-0.297
1041,15,2018-09-03,-0.126,-0.7909999999999999,0.522,-0.314
1042,15,2018-09-13,-0.08900000000000001,-0.777,0.56,-0.28300000000000003
1043,15,2018-10-03,-0.065,-0.767,0.51,-0.325
1046,15,2018-11-12,0.08,-0.7,0.354,-0.47700000000000004
1047,15,2018-11-22,0.07400000000000001,-0.7040000000000001,0.38799999999999996,-0.442
1048,15,2018-12-02,0.13,-0.674,0.359,-0.47200000000000003
1051,15,2019-02-20,0.233,-0.611,0.33299999999999996,-0.501
1053,15,2019-03-12,0.247,-0.602,0.324,-0.511
1057,15,2019-05-11,0.255,-0.596,0.33299999999999996,-0.5
1058,15,2019-05-21,0.25,-0.6,0.35100000000000003,-0.48100000000000004
1060,15,2019-06-20,0.256,-0.596,0.32299999999999995,-0.512
1061,15,2019-06-30,0.24600000000000002,-0.603,0.34299999999999997,-0.489
1062,15,2019-07-20,0.201,-0.632,0.35600000000000004,-0.47600000000000003
1063,15,2019-07-30,0.188,-0.64,0.38299999999999995,-0.446
1064,15,2019-08-09,0.2,-0.632,0.371,-0.45899999999999996
1068,16,2017-02-10,0.284,-0.5760000000000001,0.239,-0.615
1069,16,2017-02-20,0.262,-0.591,0.27899999999999997,-0.5660000000000001
1071,16,2017-03-12,0.271,-0.585,0.23800000000000002,-0.617
1072,16,2017-04-01,0.047,-0.7170000000000001,0.35100000000000003,-0.48
1073,16,2017-04-11,0.055,-0.7120000000000001,0.385,-0.445
1075,16,2017-05-11,0.175,-0.648,0.33299999999999996,-0.501
1076,16,2017-05-21,0.188,-0.64,0.366,-0.465
1078,16,2017-06-20,0.221,-0.619,0.32799999999999996,-0.506
1080,16,2017-07-20,0.156,-0.654,0.345,-0.49
1082,16,2017-08-09,-0.125,-0.7909999999999999,0.522,-0.314
1083,16,2017-08-19,-0.11800000000000001,-0.7879999999999999,0.546,-0.294
1084,16,2017-09-08,-0.105,-0.7829999999999999,0.547,-0.293
1085,16,2017-09-18,-0.081,-0.774,0.539,-0.3
1086,16,2017-09-28,0.008,-0.735,0.6759999999999999,-0.195
1087,16,2017-10-08,-0.001,-0.7390000000000001,0.541,-0.302
1088,16,2017-10-28,0.040999999999999995,-0.718,0.40700000000000003,-0.425
1089,16,2017-11-07,0.09699999999999999,-0.6890000000000001,0.363,-0.47100000000000003
1090,16,2017-11-17,0.11900000000000001,-0.6779999999999999,0.359,-0.474
1091,16,2017-11-27,0.182,-0.642,0.34299999999999997,-0.491
1092,16,2017-12-07,0.223,-0.616,0.29600000000000004,-0.545
1093,16,2017-12-17,0.226,-0.615,0.29100000000000004,-0.552
1094,16,2017-12-27,0.23399999999999999,-0.609,0.292,-0.55
1100,16,2018-04-26,0.24,-0.606,0.309,-0.528
1102,16,2018-05-26,0.205,-0.63,0.33,-0.504
1103,16,2018-06-05,0.20199999999999999,-0.631,0.33,-0.504
1104,16,2018-06-15,0.201,-0.632,0.358,-0.474
1105,16,2018-06-25,-0.052000000000000005,-0.762,0.584,-0.263
1106,16,2018-07-05,-0.10800000000000001,-0.784,0.5539999999999999,-0.287
1107,16,2018-07-15,-0.11699999999999999,-0.7879999999999999,0.527,-0.31
1108,16,2018-07-25,-0.027000000000000003,-0.7509999999999999,0.622,-0.23399999999999999
1109,16,2018-08-04,-0.08199999999999999,-0.774,0.55,-0.29
1110,16,2018-08-14,-0.075,-0.7709999999999999,0.524,-0.313
1111,16,2018-08-24,-0.08800000000000001,-0.7759999999999999,0.524,-0.312
1112,16,2018-09-03,-0.07200000000000001,-0.77,0.498,-0.335
1113,16,2018-09-13,-0.032,-0.753,0.49700000000000005,-0.336
1114,16,2018-10-03,-0.018000000000000002,-0.747,0.461,-0.369
1116,16,2018-11-02,0.102,-0.6890000000000001,0.32799999999999996,-0.507
1117,16,2018-11-12,0.146,-0.664,0.315,-0.521
1118,16,2018-11-22,0.12,-0.679,0.354,-0.478
1119,16,2018-12-02,0.133,-0.672,0.38,-0.449
1122,16,2019-02-20,0.21,-0.626,0.341,-0.49200000000000005
1124,16,2019-03-12,0.226,-0.616,0.33,-0.504
1128,16,2019-05-11,0.24600000000000002,-0.603,0.319,-0.516
1129,16,2019-05-21,0.223,-0.617,0.325,-0.51
1131,16,2019-06-20,0.222,-0.619,0.324,-0.511
1132,16,2019-06-30,-0.042,-0.752,0.47100000000000003,-0.363
1133,16,2019-07-20,-0.047,-0.7559999999999999,0.498,-0.33899999999999997
1134,16,2019-07-30,-0.027999999999999997,-0.7490000000000001,0.522,-0.317
1135,16,2019-08-09,-0.08800000000000001,-0.777,0.532,-0.306
1136,17,2016-12-22,0.085,-0.6970000000000001,0.465,-0.36700000000000005
1137,17,2017-01-01,0.09699999999999999,-0.691,0.319,-0.517
1139,17,2017-02-10,0.242,-0.605,0.282,-0.56
1140,17,2017-02-20,0.247,-0.602,0.282,-0.561
1142,17,2017-03-12,0.248,-0.601,0.268,-0.578
1143,17,2017-04-01,0.055999999999999994,-0.713,0.373,-0.457
1144,17,2017-04-11,0.046,-0.7170000000000001,0.40299999999999997,-0.425
1146,17,2017-05-11,0.14,-0.6679999999999999,0.36200000000000004,-0.469
1147,17,2017-05-21,0.17,-0.6509999999999999,0.39799999999999996,-0.431
1149,17,2017-06-20,0.16899999999999998,-0.6509999999999999,0.361,-0.47
1151,17,2017-07-20,0.174,-0.648,0.33299999999999996,-0.5
1153,17,2017-08-09,0.114,-0.682,0.389,-0.441
1154,17,2017-08-19,0.086,-0.696,0.42,-0.409
1155,17,2017-09-08,0.016,-0.731,0.473,-0.358
1157,17,2017-09-28,-0.114,-0.787,0.545,-0.294
1158,17,2017-10-08,-0.121,-0.789,0.551,-0.29
1159,17,2017-10-28,-0.024,-0.7490000000000001,0.48200000000000004,-0.35
1160,17,2017-11-07,-0.006,-0.741,0.45,-0.38
1161,17,2017-11-17,0.051,-0.7140000000000001,0.406,-0.424
1163,17,2017-12-07,0.124,-0.6759999999999999,0.348,-0.485
1164,17,2017-12-17,0.145,-0.665,0.33,-0.505
1171,17,2018-04-26,0.222,-0.619,0.321,-0.515
1174,17,2018-06-05,0.195,-0.636,0.341,-0.49200000000000005
1175,17,2018-06-15,0.191,-0.638,0.36700000000000005,-0.46399999999999997
1178,17,2018-07-15,0.161,-0.6559999999999999,0.368,-0.46299999999999997
1179,17,2018-07-25,0.10099999999999999,-0.6890000000000001,0.395,-0.434
1180,17,2018-08-04,-0.13699999999999998,-0.7959999999999999,0.52,-0.316
1181,17,2018-08-14,-0.145,-0.7979999999999999,0.505,-0.32899999999999996
1182,17,2018-08-24,-0.14300000000000002,-0.7979999999999999,0.521,-0.315
1183,17,2018-09-03,-0.12,-0.789,0.515,-0.32
1187,17,2018-11-02,0.034,-0.723,0.366,-0.46399999999999997
1188,17,2018-11-12,0.077,-0.7020000000000001,0.35100000000000003,-0.48100000000000004
1190,17,2018-12-02,0.107,-0.6859999999999999,0.375,-0.456
1192,17,2019-01-21,0.226,-0.616,0.337,-0.498
1193,17,2019-02-20,0.213,-0.624,0.321,-0.514
1194,17,2019-03-02,0.23199999999999998,-0.612,0.37799999999999995,-0.45399999999999996
1195,17,2019-03-12,0.23199999999999998,-0.612,0.317,-0.519
1199,17,2019-05-11,0.244,-0.604,0.312,-0.524
1202,17,2019-06-20,0.23,-0.613,0.309,-0.529
1203,17,2019-06-30,0.21600000000000003,-0.622,0.33,-0.504
1204,17,2019-07-20,0.165,-0.654,0.34600000000000003,-0.486
1205,17,2019-07-30,0.152,-0.662,0.379,-0.451
1206,17,2019-08-09,0.155,-0.66,0.369,-0.461
1210,18,2017-02-10,-0.027000000000000003,-0.7509999999999999,0.639,-0.221
1211,18,2017-02-20,-0.034,-0.754,0.7140000000000001,-0.168
1213,18,2017-03-12,-0.024,-0.7490000000000001,0.713,-0.171
1214,18,2017-04-01,0.025,-0.727,0.792,-0.11800000000000001
1215,18,2017-04-11,-0.049,-0.7609999999999999,0.731,-0.157
1217,18,2017-05-11,-0.013000000000000001,-0.745,0.752,-0.142
1220,18,2017-06-20,0.004,-0.737,0.79,-0.11800000000000001
1222,18,2017-07-20,-0.023,-0.7490000000000001,0.763,-0.135
1224,18,2017-08-09,-0.046,-0.759,0.727,-0.159
1225,18,2017-08-19,-0.068,-0.768,0.706,-0.17300000000000001
1226,18,2017-09-08,-0.067,-0.768,0.7040000000000001,-0.174
1228,18,2017-09-28,0.022000000000000002,-0.7290000000000001,0.688,-0.185
1230,18,2017-10-28,0.047,-0.7170000000000001,0.466,-0.36700000000000005
1231,18,2017-11-07,0.044000000000000004,-0.718,0.43799999999999994,-0.39399999999999996
1234,18,2017-12-07,0.19699999999999998,-0.633,0.308,-0.531
1235,18,2017-12-17,0.2,-0.631,0.267,-0.58
1241,18,2018-04-16,0.247,-0.602,0.27899999999999997,-0.564
1242,18,2018-04-26,0.275,-0.5820000000000001,0.242,-0.611
1245,18,2018-06-05,0.23600000000000002,-0.609,0.282,-0.561
1246,18,2018-06-15,0.196,-0.634,0.319,-0.517
1249,18,2018-07-15,0.187,-0.64,0.317,-0.519
1251,18,2018-08-04,0.155,-0.659,0.353,-0.479
1252,18,2018-08-14,0.09,-0.695,0.371,-0.46
1253,18,2018-08-24,-0.145,-0.7979999999999999,0.516,-0.32
1254,18,2018-09-03,-0.171,-0.8079999999999999,0.483,-0.349
1255,18,2018-09-13,-0.128,-0.792,0.541,-0.298
1256,18,2018-10-03,-0.09699999999999999,-0.78,0.515,-0.32
1258,18,2018-11-02,0.02,-0.73,0.39299999999999996,-0.43799999999999994
1259,18,2018-11-12,0.094,-0.693,0.317,-0.52
1261,18,2018-12-02,0.139,-0.6679999999999999,0.325,-0.511
1264,18,2019-02-20,0.204,-0.63,0.315,-0.521
1265,18,2019-03-02,0.21899999999999997,-0.62,0.284,-0.5579999999999999
1266,18,2019-03-12,0.212,-0.625,0.318,-0.518
1270,18,2019-05-11,0.251,-0.599,0.28300000000000003,-0.5589999999999999
1271,18,2019-05-21,0.23199999999999998,-0.612,0.295,-0.545
1273,18,2019-06-20,0.242,-0.605,0.265,-0.581
1274,18,2019-06-30,0.23600000000000002,-0.609,0.28300000000000003,-0.56
1275,18,2019-07-20,0.223,-0.617,0.297,-0.542
1276,18,2019-07-30,0.205,-0.629,0.325,-0.509
1277,18,2019-08-09,0.195,-0.634,0.317,-0.52
1279,19,2017-01-01,0.262,-0.5920000000000001,0.319,-0.517
1280,19,2017-01-11,0.253,-0.597,0.275,-0.5710000000000001
1281,19,2017-02-10,0.256,-0.595,0.278,-0.5660000000000001
1282,19,2017-02-20,0.282,-0.5770000000000001,0.217,-0.643
1284,19,2017-03-12,0.239,-0.605,0.272,-0.578
1285,19,2017-04-01,0.106,-0.6859999999999999,0.26899999999999996,-0.5770000000000001
1286,19,2017-04-11,0.139,-0.6679999999999999,0.285,-0.557
1288,19,2017-05-11,0.22399999999999998,-0.617,0.249,-0.602
1289,19,2017-05-21,0.217,-0.621,0.27699999999999997,-0.569
1291,19,2017-06-20,0.254,-0.597,0.256,-0.5920000000000001
1293,19,2017-07-20,0.237,-0.608,0.254,-0.596
1295,19,2017-08-09,0.165,-0.653,0.319,-0.517
1296,19,2017-08-19,0.086,-0.695,0.365,-0.466
1297,19,2017-09-08,-0.159,-0.804,0.501,-0.332
1299,19,2017-09-28,-0.149,-0.8,0.521,-0.315
1300,19,2017-10-08,-0.10099999999999999,-0.782,0.573,-0.272
1301,19,2017-10-28,-0.042,-0.757,0.478,-0.353
1302,19,2017-11-07,0.013000000000000001,-0.733,0.413,-0.41600000000000004
1303,19,2017-11-17,0.076,-0.7020000000000001,0.361,-0.47
1305,19,2017-12-07,0.146,-0.664,0.32299999999999995,-0.512
1306,19,2017-12-17,0.153,-0.66,0.349,-0.484
1311,19,2018-03-17,0.233,-0.61,0.29100000000000004,-0.55
1312,19,2018-04-16,0.24100000000000002,-0.606,0.316,-0.52
1313,19,2018-04-26,0.257,-0.595,0.289,-0.552
1316,19,2018-06-05,0.203,-0.631,0.317,-0.518
1317,19,2018-06-15,0.198,-0.633,0.33899999999999997,-0.493
1320,19,2018-07-15,0.152,-0.6609999999999999,0.35700000000000004,-0.474
1322,19,2018-08-04,0.087,-0.6970000000000001,0.42700000000000005,-0.402
1323,19,2018-08-14,0.052000000000000005,-0.7140000000000001,0.429,-0.4
1324,19,2018-08-24,-0.11800000000000001,-0.7879999999999999,0.602,-0.256
1325,19,2018-09-03,-0.158,-0.8029999999999999,0.491,-0.342
1329,19,2018-11-02,0.035,-0.723,0.345,-0.48700000000000004
1330,19,2018-11-12,0.09,-0.695,0.33899999999999997,-0.49700000000000005
1331,19,2018-11-22,0.09,-0.695,0.353,-0.48
1332,19,2018-12-02,0.11900000000000001,-0.679,0.344,-0.489
1334,19,2019-01-21,0.248,-0.601,0.348,-0.485
1335,19,2019-02-20,0.218,-0.621,0.318,-0.518
1336,19,2019-03-02,0.225,-0.617,0.337,-0.498
1337,19,2019-03-12,0.252,-0.598,0.306,-0.532
1341,19,2019-05-11,0.255,-0.596,0.28800000000000003,-0.5529999999999999
1344,19,2019-06-20,0.243,-0.604,0.276,-0.568
1345,19,2019-06-30,0.22899999999999998,-0.614,0.29600000000000004,-0.5429999999999999
1346,19,2019-07-20,0.2,-0.633,0.308,-0.529
1347,19,2019-07-30,0.184,-0.643,0.335,-0.498
1348,19,2019-08-09,0.19,-0.639,0.327,-0.507
1351,20,2017-01-11,0.256,-0.595,0.265,-0.5820000000000001
1352,20,2017-02-10,0.297,-0.5660000000000001,0.253,-0.596
1353,20,2017-02-20,0.258,-0.594,0.282,-0.561
1355,20,2017-03-12,0.266,-0.588,0.259,-0.589
1356,20,2017-04-01,0.087,-0.6970000000000001,0.33899999999999997,-0.494
1357,20,2017-04-11,0.09,-0.695,0.361,-0.469
1359,20,2017-05-11,0.191,-0.638,0.324,-0.51
1362,20,2017-06-20,0.23800000000000002,-0.608,0.325,-0.509
1364,20,2017-07-20,0.228,-0.614,0.314,-0.523
1366,20,2017-08-09,0.165,-0.653,0.37799999999999995,-0.452
1367,20,2017-08-19,-0.147,-0.799,0.503,-0.331
1368,20,2017-09-08,-0.165,-0.8059999999999999,0.506,-0.32799999999999996
1372,20,2017-10-28,-0.055999999999999994,-0.764,0.52,-0.316
1373,20,2017-11-07,-0.015,-0.746,0.474,-0.35700000000000004
1374,20,2017-11-17,0.035,-0.722,0.424,-0.405
1375,20,2017-11-27,0.073,-0.7040000000000001,0.395,-0.435
1376,20,2017-12-07,0.13,-0.6729999999999999,0.375,-0.455
1378,20,2017-12-27,0.138,-0.669,0.373,-0.457
1382,20,2018-03-17,0.222,-0.617,0.337,-0.496
1384,20,2018-04-26,0.264,-0.59,0.325,-0.51
1387,20,2018-06-05,0.23,-0.613,0.348,-0.484
1388,20,2018-06-15,0.217,-0.622,0.37799999999999995,-0.451
1390,20,2018-07-05,0.195,-0.635,0.39299999999999996,-0.436
1391,20,2018-07-15,0.172,-0.649,0.381,-0.449
1392,20,2018-07-25,0.134,-0.6709999999999999,0.52,-0.316
1393,20,2018-08-04,0.096,-0.6920000000000001,0.43700000000000006,-0.392
1394,20,2018-08-14,0.045,-0.718,0.44299999999999995,-0.386
1395,20,2018-08-24,-0.16399999999999998,-0.805,0.508,-0.326
1396,20,2018-09-03,-0.174,-0.809,0.475,-0.35600000000000004
1397,20,2018-09-13,-0.135,-0.795,0.545,-0.294
1398,20,2018-10-03,-0.08800000000000001,-0.777,0.523,-0.313
1400,20,2018-11-02,0.057999999999999996,-0.711,0.452,-0.382
1401,20,2018-11-12,0.061,-0.71,0.368,-0.46299999999999997
1402,20,2018-11-22,0.081,-0.7,0.371,-0.45899999999999996
1403,20,2018-12-02,0.091,-0.695,0.39399999999999996,-0.435
1406,20,2019-02-20,0.249,-0.601,0.32299999999999995,-0.512
1408,20,2019-03-12,0.266,-0.589,0.312,-0.525
1412,20,2019-05-11,0.284,-0.5760000000000001,0.311,-0.525
1413,20,2019-05-21,0.271,-0.585,0.32299999999999995,-0.512
1415,20,2019-06-20,0.276,-0.581,0.31,-0.527
1416,20,2019-06-30,0.263,-0.591,0.332,-0.502
1417,20,2019-07-20,0.212,-0.625,0.344,-0.488
1418,20,2019-07-30,0.205,-0.629,0.368,-0.462
1419,20,2019-08-09,0.22,-0.62,0.361,-0.47
1422,21,2017-01-11,0.195,-0.635,0.303,-0.536
1423,21,2017-02-10,0.23399999999999999,-0.611,0.244,-0.608
1424,21,2017-02-20,0.209,-0.626,0.259,-0.589
1426,21,2017-03-12,0.209,-0.626,0.265,-0.5820000000000001
1427,21,2017-04-01,0.024,-0.728,0.37200000000000005,-0.45799999999999996
1428,21,2017-04-11,0.009000000000000001,-0.735,0.43,-0.39799999999999996
1430,21,2017-05-11,0.129,-0.674,0.37,-0.46
1433,21,2017-06-20,0.198,-0.634,0.33299999999999996,-0.5
1435,21,2017-07-20,-0.1,-0.78,0.48100000000000004,-0.35100000000000003
1437,21,2017-08-09,-0.099,-0.7809999999999999,0.551,-0.29
1438,21,2017-08-19,-0.11599999999999999,-0.7879999999999999,0.541,-0.298
1439,21,2017-09-08,-0.11599999999999999,-0.7879999999999999,0.544,-0.29600000000000004
1440,21,2017-09-18,-0.069,-0.769,0.638,-0.223
1441,21,2017-09-28,-0.08199999999999999,-0.774,0.56,-0.282
1442,21,2017-10-08,-0.065,-0.767,0.539,-0.299
1443,21,2017-10-28,-0.04,-0.757,0.517,-0.318
1444,21,2017-11-07,-0.01,-0.743,0.475,-0.35700000000000004
1446,21,2017-11-27,0.048,-0.716,0.382,-0.447
1447,21,2017-12-07,0.114,-0.682,0.345,-0.488
1449,21,2017-12-27,0.13,-0.6729999999999999,0.325,-0.512
1453,21,2018-03-17,0.239,-0.607,0.3,-0.54
1454,21,2018-04-16,0.201,-0.631,0.35,-0.483
1455,21,2018-04-26,0.221,-0.619,0.3,-0.539
1458,21,2018-06-05,0.171,-0.65,0.342,-0.491
1459,21,2018-06-15,0.15,-0.662,0.377,-0.45299999999999996
1462,21,2018-07-15,0.085,-0.6970000000000001,0.40399999999999997,-0.426
1464,21,2018-08-04,-0.132,-0.794,0.5429999999999999,-0.29600000000000004
1465,21,2018-08-14,-0.13699999999999998,-0.795,0.522,-0.314
1466,21,2018-08-24,-0.13699999999999998,-0.7959999999999999,0.534,-0.304
1467,21,2018-09-03,-0.134,-0.794,0.508,-0.327
1472,21,2018-11-12,-0.012,-0.7440000000000001,0.45899999999999996,-0.37200000000000005
1473,21,2018-11-22,0.016,-0.731,0.46399999999999997,-0.36700000000000005
1476,21,2019-01-21,0.231,-0.612,0.302,-0.536
1477,21,2019-02-20,0.198,-0.633,0.349,-0.48200000000000004
1478,21,2019-03-02,0.215,-0.623,0.35700000000000004,-0.475
1479,21,2019-03-12,0.23800000000000002,-0.608,0.324,-0.511
1483,21,2019-05-11,0.248,-0.601,0.326,-0.508
1486,21,2019-06-20,0.223,-0.618,0.324,-0.511
1487,21,2019-06-30,0.204,-0.63,0.348,-0.484
1488,21,2019-07-20,0.158,-0.657,0.373,-0.457
1489,21,2019-07-30,0.145,-0.665,0.409,-0.42
1490,21,2019-08-09,0.142,-0.6659999999999999,0.401,-0.428
1493,22,2017-01-11,0.237,-0.608,0.273,-0.5710000000000001
1494,22,2017-02-10,0.285,-0.575,0.235,-0.619
1495,22,2017-02-20,0.27,-0.586,0.289,-0.5539999999999999
1498,22,2017-04-01,0.055,-0.713,0.327,-0.507
1499,22,2017-04-11,0.071,-0.705,0.354,-0.47700000000000004
1501,22,2017-05-11,0.18100000000000002,-0.645,0.311,-0.526
1504,22,2017-06-20,0.22,-0.62,0.306,-0.531
1506,22,2017-07-20,0.203,-0.631,0.29600000000000004,-0.5429999999999999
1508,22,2017-08-09,-0.146,-0.799,0.526,-0.31
1509,22,2017-08-19,-0.141,-0.797,0.534,-0.304
1510,22,2017-09-08,-0.125,-0.7909999999999999,0.534,-0.304
1511,22,2017-09-18,-0.107,-0.784,0.527,-0.31
1514,22,2017-10-28,0.079,-0.701,0.33899999999999997,-0.494
1515,22,2017-11-07,0.131,-0.6729999999999999,0.3,-0.5379999999999999
1516,22,2017-11-17,0.179,-0.6459999999999999,0.267,-0.578
1517,22,2017-11-27,0.19399999999999998,-0.637,0.26899999999999996,-0.5760000000000001
1518,22,2017-12-07,0.24,-0.606,0.25,-0.6
1520,22,2017-12-27,0.157,-0.6579999999999999,0.337,-0.49700000000000005
1524,22,2018-03-17,0.265,-0.59,0.259,-0.589
1526,22,2018-04-26,0.258,-0.594,0.28,-0.562
1528,22,2018-05-26,0.214,-0.624,0.32299999999999995,-0.512
1529,22,2018-06-05,0.20800000000000002,-0.627,0.31,-0.527
1530,22,2018-06-15,0.18899999999999997,-0.64,0.34299999999999997,-0.489
1532,22,2018-07-05,0.14400000000000002,-0.6659999999999999,0.35700000000000004,-0.474
1533,22,2018-07-15,0.10099999999999999,-0.688,0.379,-0.451
1534,22,2018-07-25,-0.11,-0.785,0.526,-0.311
1535,22,2018-08-04,-0.14,-0.7959999999999999,0.534,-0.304
1536,22,2018-08-14,-0.127,-0.792,0.516,-0.319
1537,22,2018-08-24,-0.139,-0.7959999999999999,0.529,-0.308
1538,22,2018-09-03,-0.126,-0.7909999999999999,0.508,-0.326
1539,22,2018-09-13,-0.084,-0.775,0.527,-0.31
1540,22,2018-10-03,-0.038,-0.7559999999999999,0.461,-0.369
1543,22,2018-11-12,0.079,-0.7,0.36700000000000005,-0.467
1544,22,2018-11-22,0.073,-0.7040000000000001,0.37,-0.462
1545,22,2018-12-02,0.11699999999999999,-0.68,0.353,-0.48
1548,22,2019-02-20,0.174,-0.6459999999999999,0.34700000000000003,-0.489
1549,22,2019-03-02,0.193,-0.636,0.314,-0.523
1550,22,2019-03-12,0.228,-0.615,0.315,-0.521
1554,22,2019-05-11,0.218,-0.62,0.322,-0.514
1555,22,2019-05-21,0.218,-0.621,0.34700000000000003,-0.485
1557,22,2019-06-20,0.213,-0.624,0.307,-0.531
1558,22,2019-06-30,0.196,-0.634,0.33899999999999997,-0.496
1559,22,2019-07-20,0.163,-0.654,0.345,-0.489
1560,22,2019-07-30,0.151,-0.6609999999999999,0.373,-0.45799999999999996
1561,22,2019-08-09,0.147,-0.6629999999999999,0.37200000000000005,-0.46
1565,23,2017-02-10,0.261,-0.593,0.26899999999999996,-0.578
1566,23,2017-02-20,0.256,-0.595,0.263,-0.584
1568,23,2017-03-12,0.209,-0.626,0.275,-0.569
1569,23,2017-04-01,0.109,-0.685,0.33799999999999997,-0.495
1570,23,2017-04-11,0.109,-0.685,0.363,-0.46799999999999997
1572,23,2017-05-11,0.172,-0.65,0.33,-0.504
1573,23,2017-05-21,0.16899999999999998,-0.6509999999999999,0.32,-0.516
1575,23,2017-06-20,0.21899999999999997,-0.621,0.35700000000000004,-0.47600000000000003
1577,23,2017-07-20,0.187,-0.64,0.318,-0.518
1579,23,2017-08-09,0.13699999999999998,-0.669,0.369,-0.462
1580,23,2017-08-19,-0.109,-0.785,0.5,-0.33299999999999996
1581,23,2017-09-08,-0.14400000000000002,-0.7979999999999999,0.518,-0.318
1583,23,2017-09-28,-0.1,-0.782,0.564,-0.27899999999999997
1585,23,2017-10-28,-0.043,-0.758,0.501,-0.33299999999999996
1586,23,2017-11-07,-0.012,-0.7440000000000001,0.45399999999999996,-0.376
1587,23,2017-11-17,0.027000000000000003,-0.726,0.402,-0.42700000000000005
1588,23,2017-11-27,0.061,-0.71,0.365,-0.466
1589,23,2017-12-07,0.105,-0.687,0.335,-0.499
1591,23,2017-12-27,0.11900000000000001,-0.679,0.32299999999999995,-0.512
1595,23,2018-03-17,0.24600000000000002,-0.602,0.262,-0.585
1597,23,2018-04-26,0.244,-0.604,0.284,-0.5579999999999999
1600,23,2018-06-05,0.20800000000000002,-0.627,0.32,-0.515
1601,23,2018-06-15,0.204,-0.63,0.345,-0.48700000000000004
1603,23,2018-07-05,0.172,-0.649,0.361,-0.47
1604,23,2018-07-15,0.17,-0.65,0.353,-0.479
1605,23,2018-07-25,0.098,-0.691,0.382,-0.44799999999999995
1606,23,2018-08-04,0.10300000000000001,-0.688,0.41700000000000004,-0.41200000000000003
1607,23,2018-08-14,-0.10099999999999999,-0.782,0.505,-0.32899999999999996
1608,23,2018-08-24,-0.136,-0.795,0.5329999999999999,-0.307
1609,23,2018-09-03,-0.16,-0.804,0.479,-0.353
1610,23,2018-09-13,-0.11599999999999999,-0.7879999999999999,0.5579999999999999,-0.284
1611,23,2018-10-03,-0.075,-0.7709999999999999,0.57,-0.276
1614,23,2018-11-12,-0.002,-0.74,0.40700000000000003,-0.42200000000000004
1615,23,2018-11-22,0.019,-0.73,0.428,-0.401
1616,23,2018-12-02,0.045,-0.718,0.41600000000000004,-0.41200000000000003
1619,23,2019-02-20,0.203,-0.631,0.327,-0.507
1620,23,2019-03-02,0.217,-0.621,0.29,-0.551
1621,23,2019-03-12,0.226,-0.616,0.312,-0.524
1625,23,2019-05-11,0.27,-0.586,0.28600000000000003,-0.555
1626,23,2019-05-21,0.22899999999999998,-0.614,0.309,-0.528
1628,23,2019-06-20,0.271,-0.585,0.282,-0.56
1629,23,2019-06-30,0.257,-0.594,0.301,-0.537
1630,23,2019-07-20,0.20600000000000002,-0.628,0.324,-0.51
1631,23,2019-07-30,0.20199999999999999,-0.631,0.349,-0.483
1632,23,2019-08-09,0.209,-0.626,0.34299999999999997,-0.489
1636,24,2017-02-10,0.257,-0.595,0.278,-0.5670000000000001
1637,24,2017-02-20,0.25,-0.6,0.29,-0.5529999999999999
1639,24,2017-03-12,0.215,-0.622,0.273,-0.5720000000000001
1640,24,2017-04-01,0.106,-0.687,0.33899999999999997,-0.493
1641,24,2017-04-11,0.10099999999999999,-0.6890000000000001,0.369,-0.461
1643,24,2017-05-11,0.17600000000000002,-0.647,0.331,-0.503
1644,24,2017-05-21,0.168,-0.652,0.321,-0.514
1646,24,2017-06-20,0.213,-0.624,0.33899999999999997,-0.494
1648,24,2017-07-20,0.18600000000000003,-0.6409999999999999,0.319,-0.516
1650,24,2017-08-09,0.15,-0.662,0.364,-0.466
1651,24,2017-08-19,-0.11900000000000001,-0.789,0.506,-0.32799999999999996
1652,24,2017-09-08,-0.146,-0.799,0.515,-0.32
1654,24,2017-09-28,-0.09,-0.778,0.5820000000000001,-0.264
1656,24,2017-10-28,-0.048,-0.76,0.517,-0.318
1657,24,2017-11-07,-0.026000000000000002,-0.7509999999999999,0.478,-0.354
1658,24,2017-11-17,0.019,-0.73,0.41700000000000004,-0.41200000000000003
1659,24,2017-11-27,0.059000000000000004,-0.711,0.374,-0.456
1660,24,2017-12-07,0.10099999999999999,-0.6890000000000001,0.34,-0.49200000000000005
1662,24,2017-12-27,0.124,-0.677,0.324,-0.512
1666,24,2018-03-17,0.24100000000000002,-0.606,0.266,-0.581
1668,24,2018-04-26,0.243,-0.605,0.285,-0.557
1671,24,2018-06-05,0.21600000000000003,-0.623,0.315,-0.521
1672,24,2018-06-15,0.20800000000000002,-0.628,0.33899999999999997,-0.494
1674,24,2018-07-05,0.184,-0.642,0.35200000000000004,-0.48
1675,24,2018-07-15,0.185,-0.6409999999999999,0.342,-0.49
1676,24,2018-07-25,0.1,-0.69,0.386,-0.445
1677,24,2018-08-04,0.11,-0.685,0.413,-0.41600000000000004
1678,24,2018-08-14,-0.109,-0.785,0.5,-0.33399999999999996
1679,24,2018-08-24,-0.149,-0.8,0.519,-0.318
1680,24,2018-09-03,-0.159,-0.804,0.48,-0.35200000000000004
1681,24,2018-09-13,-0.11800000000000001,-0.7879999999999999,0.557,-0.285
1682,24,2018-10-03,-0.079,-0.773,0.556,-0.287
1684,24,2018-11-02,-0.001,-0.7390000000000001,0.473,-0.359
1685,24,2018-11-12,0.001,-0.738,0.406,-0.423
1686,24,2018-11-22,0.027999999999999997,-0.726,0.42100000000000004,-0.408
1687,24,2018-12-02,0.048,-0.716,0.415,-0.414
1690,24,2019-02-20,0.20800000000000002,-0.628,0.326,-0.509
1691,24,2019-03-02,0.22399999999999998,-0.617,0.287,-0.555
1692,24,2019-03-12,0.23,-0.613,0.309,-0.528
1696,24,2019-05-11,0.27,-0.586,0.28800000000000003,-0.5529999999999999
1697,24,2019-05-21,0.233,-0.61,0.311,-0.526
1699,24,2019-06-20,0.254,-0.597,0.28600000000000003,-0.555
1700,24,2019-06-30,0.248,-0.601,0.306,-0.531
1701,24,2019-07-20,0.2,-0.632,0.32899999999999996,-0.505
1702,24,2019-07-30,0.192,-0.637,0.359,-0.47200000000000003
1703,24,2019-08-09,0.207,-0.628,0.348,-0.484
1706,25,2017-01-11,0.214,-0.623,0.265,-0.581
1707,25,2017-02-10,0.248,-0.6,0.331,-0.507
1708,25,2017-02-20,0.247,-0.602,0.263,-0.584
1710,25,2017-03-12,0.21100000000000002,-0.625,0.272,-0.5720000000000001
1711,25,2017-04-01,0.049,-0.716,0.35100000000000003,-0.48
1712,25,2017-04-11,0.054000000000000006,-0.7140000000000001,0.387,-0.442
1713,25,2017-05-01,0.10800000000000001,-0.6859999999999999,0.375,-0.455
1714,25,2017-05-11,0.155,-0.659,0.33299999999999996,-0.5
1717,25,2017-06-20,0.191,-0.638,0.32799999999999996,-0.507
1719,25,2017-07-20,0.16699999999999998,-0.653,0.319,-0.517
1721,25,2017-08-09,0.125,-0.6759999999999999,0.374,-0.456
1722,25,2017-08-19,-0.134,-0.794,0.525,-0.312
1723,25,2017-09-08,-0.135,-0.795,0.547,-0.293
1725,25,2017-09-28,-0.075,-0.7709999999999999,0.645,-0.22
1727,25,2017-10-28,-0.038,-0.7559999999999999,0.518,-0.318
1728,25,2017-11-07,0.003,-0.738,0.455,-0.375
1730,25,2017-11-27,0.091,-0.695,0.355,-0.47600000000000003
1731,25,2017-12-07,0.142,-0.667,0.315,-0.521
1732,25,2017-12-17,0.168,-0.652,0.28800000000000003,-0.552
1733,25,2017-12-27,0.209,-0.626,0.47100000000000003,-0.361
1737,25,2018-03-17,0.218,-0.621,0.3,-0.539
1739,25,2018-04-26,0.25,-0.6,0.298,-0.541
1742,25,2018-06-05,0.214,-0.624,0.332,-0.501
1743,25,2018-06-15,0.20199999999999999,-0.631,0.363,-0.467
1745,25,2018-07-05,0.166,-0.653,0.379,-0.45
1746,25,2018-07-15,0.145,-0.665,0.384,-0.445
1748,25,2018-08-04,0.076,-0.7020000000000001,0.456,-0.374
1749,25,2018-08-14,0.040999999999999995,-0.72,0.452,-0.37799999999999995
1750,25,2018-08-24,0.004,-0.737,0.49,-0.34299999999999997
1751,25,2018-09-03,0.001,-0.738,0.494,-0.33899999999999997
1752,25,2018-09-13,0.026000000000000002,-0.727,0.573,-0.273
1754,25,2018-10-23,-0.133,-0.794,0.551,-0.29
1755,25,2018-11-02,-0.11,-0.785,0.522,-0.314
1756,25,2018-11-12,-0.076,-0.772,0.475,-0.35600000000000004
1757,25,2018-11-22,-0.034,-0.754,0.457,-0.373
1761,25,2019-02-20,0.2,-0.632,0.337,-0.496
1763,25,2019-03-12,0.23600000000000002,-0.609,0.314,-0.522
1767,25,2019-05-11,0.264,-0.59,0.29600000000000004,-0.5429999999999999
1768,25,2019-05-21,0.25,-0.6,0.302,-0.536
1770,25,2019-06-20,0.256,-0.596,0.29,-0.55
1771,25,2019-06-30,0.235,-0.61,0.313,-0.523
1772,25,2019-07-20,0.185,-0.6409999999999999,0.326,-0.508
1773,25,2019-07-30,0.166,-0.653,0.353,-0.478
1774,25,2019-08-09,0.174,-0.648,0.345,-0.48700000000000004
1777,26,2017-01-11,0.233,-0.611,0.278,-0.5660000000000001
1778,26,2017-02-10,0.294,-0.569,0.249,-0.601
1781,26,2017-03-12,0.282,-0.5770000000000001,0.265,-0.5820000000000001
1782,26,2017-04-01,0.07400000000000001,-0.7040000000000001,0.335,-0.498
1783,26,2017-04-11,0.077,-0.7020000000000001,0.35700000000000004,-0.474
1785,26,2017-05-11,0.165,-0.654,0.335,-0.498
1786,26,2017-05-21,0.158,-0.6579999999999999,0.345,-0.488
1788,26,2017-06-20,0.225,-0.616,0.331,-0.502
1790,26,2017-07-20,-0.067,-0.764,0.474,-0.36
1792,26,2017-08-09,-0.126,-0.7909999999999999,0.535,-0.304
1793,26,2017-08-19,-0.11699999999999999,-0.7879999999999999,0.539,-0.3
1794,26,2017-09-08,-0.107,-0.784,0.53,-0.307
1798,26,2017-10-28,0.044000000000000004,-0.718,0.391,-0.43799999999999994
1799,26,2017-11-07,0.09699999999999999,-0.6920000000000001,0.345,-0.488
1800,26,2017-11-17,0.142,-0.667,0.311,-0.526
1801,26,2017-11-27,0.18,-0.645,0.331,-0.504
1802,26,2017-12-07,0.235,-0.61,0.272,-0.5720000000000001
1803,26,2017-12-17,0.223,-0.617,0.325,-0.513
1804,26,2017-12-27,0.25,-0.6,0.264,-0.583
1810,26,2018-04-26,0.264,-0.59,0.301,-0.537
1813,26,2018-06-05,0.212,-0.625,0.337,-0.496
1814,26,2018-06-15,0.19399999999999998,-0.636,0.374,-0.456
1815,26,2018-06-25,-0.08900000000000001,-0.777,0.585,-0.262
1816,26,2018-07-05,-0.10800000000000001,-0.785,0.59,-0.258
1817,26,2018-07-15,-0.115,-0.787,0.563,-0.28
1818,26,2018-07-25,-0.067,-0.768,0.5920000000000001,-0.257
1819,26,2018-08-04,-0.114,-0.787,0.5670000000000001,-0.276
1820,26,2018-08-14,-0.11599999999999999,-0.7879999999999999,0.53,-0.307
1821,26,2018-08-24,-0.122,-0.79,0.5429999999999999,-0.29600000000000004
1822,26,2018-09-03,-0.11599999999999999,-0.7879999999999999,0.521,-0.315
1823,26,2018-09-13,-0.08800000000000001,-0.777,0.539,-0.299
1824,26,2018-10-03,-0.057,-0.764,0.49700000000000005,-0.337
1827,26,2018-11-12,0.086,-0.6970000000000001,0.353,-0.479
1828,26,2018-11-22,0.10099999999999999,-0.6890000000000001,0.396,-0.433
1829,26,2018-12-02,0.12300000000000001,-0.6779999999999999,0.365,-0.466
1832,26,2019-02-20,0.239,-0.607,0.32899999999999996,-0.505
1834,26,2019-03-12,0.249,-0.601,0.321,-0.514
1838,26,2019-05-11,0.259,-0.594,0.32899999999999996,-0.504
1839,26,2019-05-21,0.251,-0.599,0.342,-0.491
1841,26,2019-06-20,0.249,-0.6,0.324,-0.511
1842,26,2019-06-30,0.237,-0.609,0.34600000000000003,-0.486
1843,26,2019-07-20,0.188,-0.64,0.36,-0.47
1844,26,2019-07-30,0.17,-0.6509999999999999,0.391,-0.43799999999999994
1845,26,2019-08-09,0.18899999999999997,-0.639,0.376,-0.45399999999999996
1848,27,2017-01-11,0.188,-0.64,0.301,-0.5379999999999999
1849,27,2017-02-10,0.245,-0.603,0.253,-0.597
1850,27,2017-02-20,0.22399999999999998,-0.617,0.299,-0.5429999999999999
1852,27,2017-03-12,0.22399999999999998,-0.616,0.263,-0.585
1853,27,2017-04-01,0.11,-0.684,0.336,-0.49700000000000005
1854,27,2017-04-11,0.10400000000000001,-0.688,0.368,-0.46299999999999997
1856,27,2017-05-11,0.18,-0.644,0.332,-0.501
1857,27,2017-05-21,0.18100000000000002,-0.644,0.368,-0.465
1859,27,2017-06-20,0.19399999999999998,-0.636,0.34299999999999997,-0.49
1861,27,2017-07-20,-0.07400000000000001,-0.7709999999999999,0.643,-0.217
1863,27,2017-08-09,-0.086,-0.7759999999999999,0.614,-0.24
1864,27,2017-08-19,-0.048,-0.76,0.6559999999999999,-0.20800000000000002
1865,27,2017-09-08,-0.085,-0.7759999999999999,0.643,-0.217
1868,27,2017-10-08,-0.046,-0.758,0.675,-0.198
1869,27,2017-10-28,-0.053,-0.762,0.5770000000000001,-0.268
1870,27,2017-11-07,-0.012,-0.7440000000000001,0.521,-0.316
1872,27,2017-11-27,0.013000000000000001,-0.733,0.47200000000000003,-0.359
1873,27,2017-12-07,0.11599999999999999,-0.6809999999999999,0.406,-0.424
1874,27,2017-12-17,0.076,-0.7020000000000001,0.34700000000000003,-0.48700000000000004
1875,27,2017-12-27,0.057,-0.7120000000000001,0.36200000000000004,-0.47
1879,27,2018-03-17,0.23199999999999998,-0.611,0.31,-0.532
1880,27,2018-04-16,0.19399999999999998,-0.635,0.32,-0.516
1881,27,2018-04-26,0.23,-0.612,0.28600000000000003,-0.556
1884,27,2018-06-05,0.209,-0.626,0.316,-0.52
1885,27,2018-06-15,0.20800000000000002,-0.627,0.342,-0.49
1886,27,2018-06-25,0.18899999999999997,-0.638,0.45399999999999996,-0.377
1887,27,2018-07-05,0.182,-0.642,0.355,-0.478
1888,27,2018-07-15,0.16,-0.655,0.35,-0.48200000000000004
1890,27,2018-08-04,-0.133,-0.794,0.511,-0.32299999999999995
1891,27,2018-08-14,-0.149,-0.8,0.49700000000000005,-0.336
1892,27,2018-08-24,-0.14800000000000002,-0.8,0.522,-0.314
1893,27,2018-09-03,-0.139,-0.7959999999999999,0.511,-0.32299999999999995
1894,27,2018-09-13,-0.098,-0.7809999999999999,0.5660000000000001,-0.27699999999999997
1895,27,2018-10-03,-0.07400000000000001,-0.7709999999999999,0.532,-0.306
1897,27,2018-11-02,0.011000000000000001,-0.7340000000000001,0.418,-0.41100000000000003
1898,27,2018-11-12,0.055999999999999994,-0.7120000000000001,0.376,-0.455
1899,27,2018-11-22,0.06,-0.71,0.39299999999999996,-0.436
1900,27,2018-12-02,0.09,-0.695,0.391,-0.439
1903,27,2019-02-20,0.212,-0.625,0.319,-0.517
1905,27,2019-03-12,0.222,-0.618,0.319,-0.517
1909,27,2019-05-11,0.235,-0.609,0.311,-0.526
1912,27,2019-06-20,0.222,-0.618,0.307,-0.53
1913,27,2019-06-30,0.196,-0.634,0.33399999999999996,-0.5
1914,27,2019-07-20,0.15,-0.662,0.349,-0.483
1915,27,2019-07-30,0.13699999999999998,-0.67,0.382,-0.447
1916,27,2019-08-09,0.134,-0.669,0.377,-0.45399999999999996
1917,28,2016-12-22,0.23,-0.613,0.266,-0.58
1920,28,2017-02-10,0.27899999999999997,-0.58,0.259,-0.589
1921,28,2017-02-20,0.263,-0.591,0.284,-0.5579999999999999
1923,28,2017-03-12,0.28,-0.579,0.244,-0.608
1924,28,2017-04-01,0.047,-0.7170000000000001,0.32799999999999996,-0.506
1925,28,2017-04-11,0.049,-0.716,0.358,-0.473
1927,28,2017-05-11,0.157,-0.6579999999999999,0.316,-0.519
1928,28,2017-05-21,0.18600000000000003,-0.6409999999999999,0.332,-0.503
1930,28,2017-06-20,0.233,-0.611,0.305,-0.532
1932,28,2017-07-20,0.231,-0.613,0.29100000000000004,-0.5489999999999999
1934,28,2017-08-09,0.159,-0.657,0.353,-0.479
1935,28,2017-08-19,0.124,-0.677,0.386,-0.444
1936,28,2017-09-08,-0.163,-0.805,0.505,-0.32899999999999996
1937,28,2017-09-18,-0.128,-0.792,0.5529999999999999,-0.28800000000000003
1938,28,2017-09-28,-0.1,-0.7809999999999999,0.606,-0.247
1939,28,2017-10-08,-0.115,-0.787,0.5820000000000001,-0.266
1940,28,2017-10-28,-0.098,-0.78,0.545,-0.294
1941,28,2017-11-07,-0.062,-0.7659999999999999,0.518,-0.318
1942,28,2017-11-17,-0.012,-0.7440000000000001,0.495,-0.33799999999999997
1943,28,2017-11-27,0.03,-0.725,0.431,-0.39799999999999996
1944,28,2017-12-07,0.078,-0.701,0.408,-0.42200000000000004
1945,28,2017-12-17,0.11,-0.685,0.369,-0.462
1946,28,2017-12-27,0.13,-0.6729999999999999,0.379,-0.451
1952,28,2018-04-26,0.24100000000000002,-0.606,0.34299999999999997,-0.49
1954,28,2018-05-26,0.20800000000000002,-0.628,0.374,-0.456
1955,28,2018-06-05,0.207,-0.628,0.364,-0.466
1956,28,2018-06-15,0.213,-0.625,0.389,-0.44
1957,28,2018-06-25,0.188,-0.639,0.507,-0.327
1958,28,2018-07-05,0.196,-0.635,0.38299999999999995,-0.447
1959,28,2018-07-15,0.184,-0.642,0.375,-0.455
1960,28,2018-07-25,0.133,-0.6709999999999999,0.486,-0.348
1961,28,2018-08-04,-0.11,-0.785,0.512,-0.32299999999999995
1962,28,2018-08-14,-0.133,-0.794,0.499,-0.335
1963,28,2018-08-24,-0.14300000000000002,-0.797,0.499,-0.335
1964,28,2018-09-03,-0.138,-0.7959999999999999,0.5,-0.33299999999999996
1965,28,2018-09-13,-0.095,-0.779,0.546,-0.294
1966,28,2018-10-03,-0.065,-0.767,0.507,-0.327
1968,28,2018-11-02,0.006,-0.736,0.39799999999999996,-0.43200000000000005
1969,28,2018-11-12,0.055,-0.713,0.38,-0.45
1970,28,2018-11-22,0.08,-0.7,0.381,-0.449
1971,28,2018-12-02,0.11800000000000001,-0.68,0.382,-0.44799999999999995
1974,28,2019-02-20,0.23399999999999999,-0.61,0.325,-0.51
1976,28,2019-03-12,0.244,-0.604,0.319,-0.517
1980,28,2019-05-11,0.258,-0.595,0.32799999999999996,-0.507
1981,28,2019-05-21,0.23399999999999999,-0.61,0.337,-0.496
1983,28,2019-06-20,0.249,-0.601,0.326,-0.508
1984,28,2019-06-30,0.233,-0.611,0.349,-0.483
1985,28,2019-07-20,0.18100000000000002,-0.644,0.36200000000000004,-0.469
1986,28,2019-07-30,0.155,-0.66,0.397,-0.43200000000000005
1987,28,2019-08-09,-0.015,-0.742,0.45399999999999996,-0.377
1988,29,2016-12-22,0.19699999999999998,-0.634,0.28800000000000003,-0.5539999999999999
1991,29,2017-02-10,0.275,-0.583,0.27,-0.575
1992,29,2017-02-20,0.253,-0.598,0.303,-0.536
1994,29,2017-03-12,0.27,-0.586,0.261,-0.586
1995,29,2017-04-01,0.052000000000000005,-0.7140000000000001,0.345,-0.48700000000000004
1996,29,2017-04-11,0.046,-0.7170000000000001,0.377,-0.45299999999999996
1998,29,2017-05-11,0.13699999999999998,-0.67,0.345,-0.488
1999,29,2017-05-21,0.19,-0.639,0.40399999999999997,-0.426
2001,29,2017-06-20,0.20800000000000002,-0.627,0.33399999999999996,-0.5
2003,29,2017-07-20,0.21600000000000003,-0.623,0.316,-0.52
2005,29,2017-08-09,0.14,-0.667,0.381,-0.449
2006,29,2017-08-19,0.12300000000000001,-0.677,0.40399999999999997,-0.425
2007,29,2017-09-08,-0.151,-0.8009999999999999,0.511,-0.32299999999999995
2008,29,2017-09-18,-0.12300000000000001,-0.79,0.5479999999999999,-0.292
2009,29,2017-09-28,-0.111,-0.785,0.54,-0.3
2010,29,2017-10-08,-0.10400000000000001,-0.7829999999999999,0.542,-0.298
2011,29,2017-10-28,-0.052000000000000005,-0.762,0.505,-0.32899999999999996
2012,29,2017-11-07,0.003,-0.737,0.457,-0.374
2013,29,2017-11-17,0.051,-0.715,0.44,-0.389
2014,29,2017-11-27,0.09300000000000001,-0.693,0.376,-0.455
2015,29,2017-12-07,0.153,-0.66,0.363,-0.469
2016,29,2017-12-17,0.17,-0.65,0.33799999999999997,-0.495
2017,29,2017-12-27,0.187,-0.64,0.349,-0.484
2023,29,2018-04-26,0.243,-0.605,0.337,-0.496
2025,29,2018-05-26,0.205,-0.63,0.369,-0.461
2026,29,2018-06-05,0.2,-0.632,0.361,-0.469
2027,29,2018-06-15,0.204,-0.63,0.386,-0.44299999999999995
2029,29,2018-07-05,0.187,-0.639,0.389,-0.44
2030,29,2018-07-15,0.16399999999999998,-0.653,0.385,-0.445
2031,29,2018-07-25,0.11699999999999999,-0.68,0.489,-0.344
2032,29,2018-08-04,0.11699999999999999,-0.68,0.433,-0.396
2033,29,2018-08-14,0.102,-0.6890000000000001,0.436,-0.39299999999999996
2034,29,2018-08-24,0.054000000000000006,-0.713,0.445,-0.385
2035,29,2018-09-03,0.054000000000000006,-0.7140000000000001,0.44299999999999995,-0.386
2036,29,2018-09-13,0.037000000000000005,-0.722,0.49700000000000005,-0.337
2037,29,2018-10-03,-0.012,-0.7440000000000001,0.507,-0.327
2039,29,2018-11-02,-0.113,-0.7859999999999999,0.541,-0.299
2040,29,2018-11-12,-0.1,-0.7809999999999999,0.57,-0.27399999999999997
2041,29,2018-11-22,-0.079,-0.773,0.58,-0.266
2042,29,2018-12-02,-0.068,-0.768,0.588,-0.26
2045,29,2019-02-20,-0.001,-0.7390000000000001,0.527,-0.311
2047,29,2019-03-12,0.07200000000000001,-0.703,0.489,-0.345
2051,29,2019-05-11,-0.011000000000000001,-0.7440000000000001,0.593,-0.256
2052,29,2019-05-21,0.146,-0.664,0.517,-0.319
2054,29,2019-06-20,-0.034,-0.754,0.614,-0.24100000000000002
2055,29,2019-06-30,0.032,-0.7240000000000001,0.649,-0.215
2056,29,2019-07-20,-0.013000000000000001,-0.745,0.596,-0.255
2057,29,2019-07-30,-0.023,-0.7490000000000001,0.607,-0.24600000000000002
2058,29,2019-08-09,-0.067,-0.768,0.639,-0.221
2059,30,2016-12-22,0.057999999999999996,-0.711,0.541,-0.3
2060,30,2017-01-01,0.03,-0.725,0.36,-0.47100000000000003
2062,30,2017-02-10,0.23600000000000002,-0.609,0.287,-0.5539999999999999
2063,30,2017-02-20,0.244,-0.604,0.293,-0.547
2065,30,2017-03-12,0.254,-0.597,0.275,-0.568
2066,30,2017-04-01,0.065,-0.708,0.36700000000000005,-0.46299999999999997
2067,30,2017-04-11,0.05,-0.716,0.405,-0.424
2069,30,2017-05-11,0.14800000000000002,-0.664,0.36700000000000005,-0.46299999999999997
2070,30,2017-05-21,0.172,-0.649,0.401,-0.429
2072,30,2017-06-20,0.18,-0.645,0.36200000000000004,-0.469
2074,30,2017-07-20,0.179,-0.6459999999999999,0.344,-0.488
2076,30,2017-08-09,0.125,-0.6759999999999999,0.40700000000000003,-0.42200000000000004
2077,30,2017-08-19,0.095,-0.6920000000000001,0.433,-0.396
2078,30,2017-09-08,0.013000000000000001,-0.733,0.48200000000000004,-0.35
2080,30,2017-09-28,-0.086,-0.775,0.547,-0.293
2081,30,2017-10-08,-0.131,-0.7929999999999999,0.552,-0.289
2082,30,2017-10-28,-0.09300000000000001,-0.778,0.537,-0.302
2083,30,2017-11-07,-0.085,-0.775,0.519,-0.317
2084,30,2017-11-17,-0.038,-0.7559999999999999,0.469,-0.363
2086,30,2017-12-07,0.065,-0.7070000000000001,0.374,-0.457
2087,30,2017-12-17,0.09699999999999999,-0.691,0.348,-0.484
2094,30,2018-04-26,0.225,-0.617,0.327,-0.507
2097,30,2018-06-05,0.184,-0.642,0.35600000000000004,-0.475
2098,30,2018-06-15,0.182,-0.643,0.38299999999999995,-0.447
2101,30,2018-07-15,0.162,-0.6559999999999999,0.381,-0.449
2102,30,2018-07-25,0.098,-0.691,0.389,-0.44
2103,30,2018-08-04,-0.13699999999999998,-0.795,0.526,-0.31
2104,30,2018-08-14,-0.145,-0.799,0.509,-0.326
2105,30,2018-08-24,-0.15,-0.8,0.52,-0.316
2106,30,2018-09-03,-0.136,-0.795,0.514,-0.321
2110,30,2018-11-02,-0.023,-0.7490000000000001,0.428,-0.401
2111,30,2018-11-12,0.028999999999999998,-0.726,0.39799999999999996,-0.431
2112,30,2018-11-22,0.052000000000000005,-0.715,0.374,-0.456
2113,30,2018-12-02,0.067,-0.7070000000000001,0.446,-0.384
2115,30,2019-01-21,0.215,-0.623,0.349,-0.48700000000000004
2116,30,2019-02-20,0.204,-0.63,0.35600000000000004,-0.47600000000000003
2118,30,2019-03-12,0.22,-0.62,0.35200000000000004,-0.479
2122,30,2019-05-11,0.23399999999999999,-0.61,0.348,-0.484
2125,30,2019-06-20,0.23199999999999998,-0.612,0.337,-0.496
2126,30,2019-06-30,0.222,-0.618,0.36200000000000004,-0.469
2127,30,2019-07-20,0.171,-0.65,0.374,-0.456
2128,30,2019-07-30,0.16,-0.657,0.40399999999999997,-0.425
2129,30,2019-08-09,0.17,-0.65,0.395,-0.434
2131,31,2017-01-01,0.264,-0.59,0.273,-0.5710000000000001
2132,31,2017-01-11,0.259,-0.593,0.304,-0.535
2133,31,2017-02-10,0.263,-0.59,0.28300000000000003,-0.5589999999999999
2134,31,2017-02-20,0.282,-0.5770000000000001,0.212,-0.65
2136,31,2017-03-12,0.23800000000000002,-0.606,0.27699999999999997,-0.5710000000000001
2137,31,2017-04-01,0.133,-0.672,0.245,-0.606
2138,31,2017-04-11,0.157,-0.6579999999999999,0.263,-0.584
2140,31,2017-05-11,0.22699999999999998,-0.615,0.239,-0.615
2141,31,2017-05-21,0.223,-0.618,0.245,-0.608
2143,31,2017-06-20,0.252,-0.598,0.253,-0.597
2145,31,2017-07-20,0.243,-0.605,0.248,-0.602
2147,31,2017-08-09,0.192,-0.638,0.303,-0.535
2148,31,2017-08-19,-0.128,-0.792,0.488,-0.344
2149,31,2017-09-08,-0.16,-0.804,0.511,-0.324
2151,31,2017-09-28,-0.13,-0.7929999999999999,0.551,-0.29
2152,31,2017-10-08,-0.09699999999999999,-0.78,0.5710000000000001,-0.27399999999999997
2153,31,2017-10-28,-0.057,-0.764,0.518,-0.318
2154,31,2017-11-07,-0.022000000000000002,-0.7490000000000001,0.467,-0.363
2155,31,2017-11-17,0.033,-0.7240000000000001,0.428,-0.401
2157,31,2017-12-07,0.1,-0.69,0.368,-0.462
2158,31,2017-12-17,0.12300000000000001,-0.677,0.361,-0.47
2165,31,2018-04-26,0.247,-0.602,0.31,-0.528
2168,31,2018-06-05,0.212,-0.625,0.335,-0.499
2169,31,2018-06-15,0.209,-0.626,0.35600000000000004,-0.47600000000000003
2172,31,2018-07-15,0.171,-0.65,0.358,-0.473
2174,31,2018-08-04,0.109,-0.685,0.42700000000000005,-0.402
2175,31,2018-08-14,0.077,-0.7020000000000001,0.428,-0.401
2176,31,2018-08-24,-0.122,-0.79,0.55,-0.292
2177,31,2018-09-03,-0.157,-0.8029999999999999,0.486,-0.34600000000000003
2181,31,2018-11-02,0.055,-0.713,0.325,-0.51
2182,31,2018-11-12,0.115,-0.682,0.35100000000000003,-0.48200000000000004
2183,31,2018-11-22,0.098,-0.691,0.354,-0.479
2184,31,2018-12-02,0.126,-0.675,0.33299999999999996,-0.501
2187,31,2019-02-20,0.215,-0.623,0.314,-0.522
2188,31,2019-03-02,0.209,-0.627,0.32899999999999996,-0.506
2189,31,2019-03-12,0.244,-0.604,0.308,-0.53
2193,31,2019-05-11,0.261,-0.5920000000000001,0.27899999999999997,-0.564
2196,31,2019-06-20,0.254,-0.597,0.271,-0.574
2197,31,2019-06-30,0.24600000000000002,-0.602,0.282,-0.56
2198,31,2019-07-20,0.204,-0.63,0.297,-0.542
2199,31,2019-07-30,0.184,-0.643,0.32799999999999996,-0.506
2200,31,2019-08-09,0.196,-0.635,0.312,-0.525
